video_id,description,create_time,duration,width,height,ratio,bitrate,format,video_quality,codec_type,definition,cover_url,play_url,author_id,author_unique_id,author_nickname,author_verified,author_signature,play_count,digg_count,comment_count,share_count,collect_count,music_id,music_title,music_author,hashtags,location
7543976485619567890,"SAMSUNG 32"" SMART TV (2025)  Model...32H5000F ♻SAMSUNG Official Warranty 1 year ဆိုင်မှာ လူကိုယ်တိုင်လာရောက်ဝယ်ယူလိုပါက  ⏱ ဆိုင်ဖွင့်ချိန်: : မနက် ၉ နာရီ မှ ည ၇ နာရီထိ (ပိတ်ရက်မရှိပါ)  🏢 ဆိုင်အမှတ်  အမှတ်၇၁/မြေညီ/ပါရမီလမ်းမပေါ် (ရန်ကုန်အင်းစိန်လမ်းနှင့်ဗဟိုလမ်းကြား)/၁၆ရပ်ကွက်/လှိုင်မြို့နယ်  👉 ကုသိုလ်မြန်မာ ဒံပေါက်မျက်နှာချင်းဆိုင် 👉 AYA Bank (ဧရာဝတီဘဏ်ဘေးကပ်လျက်အခန်းပါ)  📱📱📱 09-761002900 📱📱📱 09-263726678(Viber) #victorelectronicparami #samsungtv #smarttv #foryou #fypage ",1756468904,105,576,1024,540p,1642267,mp4,normal,h264,540p,https://p16-sign-sg.tiktokcdn.com/tos-alisg-p-0037/oQkZqbg1WEAQfAOoA9APIlExfaEC6CBUGDrRsF~tplv-tiktokx-origin.image?dr=14575&x-expires=1760414400&x-signature=5Ohx3LWwBecXNM5jRMMTk61CX%2Fs%3D&t=4d5b0474&ps=13740610&shp=81f88b70&shcp=43f4a2f9&idc=my,https://v16-webapp-prime.tiktok.com/video/tos/alisg/tos-alisg-pve-0037c001/owtxLSgEEuDAsUqFZABZ2olXsUHBREQpIYs3fe/?a=1988&bti=ODszNWYuMDE6&ch=0&cr=3&dr=0&lr=all&cd=0%7C0%7C0%7C&cv=1&br=3206&bt=1603&cs=0&ds=6&ft=-Csk_mugPD12NIB3ah-UxE.5XY6e3wv25icAp&mime_type=video_mp4&qs=0&rc=OWg6OzhlNzVnZDRoZjg3OkBpanE4dXA5cnVzNTMzODczNEAzMjZiYF40NS0xMV42Y18vYSMycTIuMmRrX2xhLS1kMTFzcw%3D%3D&btag=e00090000&expire=1760415567&l=20251012121741335DFDA063E8B68CE27C&ply_type=2&policy=2&signature=32b87671352e284e4f7795879c57872a&tk=tt_chain_token,7254412022988981250,victor.electronic,VICTOR(Electronic)Parami,False,"09761002900/09263726678(Viber)
အမှတ်၇၁မြေညီပါရမီလမ်းမပေါ်၁၆ရပ်ကွက်လှိုင်မြို့နယ်",27700,272,26,62,33,7543976700594375425,original sound - VICTOR(Electronic)Parami,VICTOR(Electronic)Parami,"victorelectronicparami, samsungtv, smarttv, foryou, fypage",
7533261621511097606,I Cant Find YouTube on Samsung TV,1753974156,5,576,1024,540p,1080071,mp4,normal,h264,540p,https://p16-sign-va.tiktokcdn.com/tos-maliva-p-0068/o0Bitj2BiLQyaHWEY5vtQEBA4UEIuINhUS4Ya~tplv-tiktokx-origin.image?dr=14575&x-expires=1760414400&x-signature=f8rHyXv8V2GXKEI3HAAFYLx1yiQ%3D&t=4d5b0474&ps=13740610&shp=81f88b70&shcp=43f4a2f9&idc=my,https://v16-webapp-prime.tiktok.com/video/tos/useast2a/tos-useast2a-pve-0068/oMcBRyDLFogiiCXyhRsOABaEpk0QIJXfQo4GfE/?a=1988&bti=ODszNWYuMDE6&ch=0&cr=3&dr=0&lr=all&cd=0%7C0%7C0%7C&cv=1&br=2108&bt=1054&cs=0&ds=6&ft=-Csk_mugPD12NIB3ah-UxE.5XY6e3wv25icAp&mime_type=video_mp4&qs=0&rc=cnF8b2hsc2d3SkBwaHIxaDFybndmO2Q3ODw1ZTRnZGY6PGQ2ZEBpamo7O2w5cnJyNTMzNzczM0BjRl5Nc3FePmJKYSNvYF90aHFmOiNjYV81YjI1NTUxNjYvXmExYSMwbm9eMmRrNTJhLS1kMTZzcw%3D%3D&btag=e000b0000&expire=1760415467&l=20251012121741335DFDA063E8B68CE27C&ply_type=2&policy=2&signature=afceb33754b4c0118f1a4a62e6db968c&tk=tt_chain_token,7473724697655329809,samu42641,samu,False,,40300,174,143,5,59,7447557390050528017,Stop Using This Audio Little Kids,Powerpuff Girls & 2025,,
7536103184738110728,"Smart Tivi Samsung 4K Crystal 43inch UA43DU7000 nâng tầm không gian với thiết kế thanh lịch,màn hình 43inch cùng độ phân giải 4K mang đến hình ảnh sắc nét và chân thực.",1754635759,49,576,1024,540p,650780,mp4,normal,h264,540p,https://p16-sign-sg.tiktokcdn.com/tos-alisg-p-0037/o48RzKjcITMKprQQSOWc5QXfDeoeQACdz4Fo6A~tplv-tiktokx-origin.image?dr=14575&x-expires=1760414400&x-signature=vfsh5ryaV8vcBGoZ9Dqs0JXT3Nc%3D&t=4d5b0474&ps=13740610&shp=81f88b70&shcp=43f4a2f9&idc=my,https://v16-webapp-prime.tiktok.com/video/tos/alisg/tos-alisg-pve-0037c001/o8gYnSav1VukyiiPVbNQJzXBPAqnECIQDEBAW/?a=1988&bti=ODszNWYuMDE6&ch=0&cr=3&dr=0&lr=all&cd=0%7C0%7C0%7C&cv=1&br=1270&bt=635&cs=0&ds=6&ft=-Csk_mugPD12NIB3ah-UxE.5XY6e3wv25icAp&mime_type=video_mp4&qs=0&rc=O2U7ODY3OTM4OTMzODxkNUBpamg8b205cjpzNTMzODczNEA2YDM1YzMyXjIxXjZgX2EvYSM0MnFrMmQ0a15hLS1kMTFzcw%3D%3D&btag=e00088000&expire=1760415511&l=20251012121741335DFDA063E8B68CE27C&ply_type=2&policy=2&signature=dce9f6b9c0e0a967db2323ca5ae1834f&tk=tt_chain_token,7528461178008929287,in.my.nh.vit,Điện Máy Nhà Việt,False,"Tổng kho điện máy
Chuyên cung cấp-lắp đặt các thiết bị điện máy
Zl:869 2ba4 6ba4",39600,454,21,56,68,7536103246075530000,original sound - Điện Máy Nhà Việt,Điện Máy Nhà Việt,,
7531188574981491974,For more info WhatsApp or call (+2335066366881),1753491489,18,576,1024,540p,222789,mp4,lower,h264,540p,https://p16-sign-va.tiktokcdn.com/tos-maliva-p-0068/ocDbIIFex3JOI3QIBBDAQghyRLoQUBUEbCESfk~tplv-tiktokx-origin.image?dr=14575&x-expires=1760414400&x-signature=B%2BUohQ1ECApW%2BxempKOOHPwJ7MY%3D&t=4d5b0474&ps=13740610&shp=81f88b70&shcp=43f4a2f9&idc=my,https://v16-webapp-prime.tiktok.com/video/tos/useast2a/tos-useast2a-pve-0068/oIoMQI3EADEGbQVZIUfBfFFygBJmOI3LRChS1R/?a=1988&bti=ODszNWYuMDE6&ch=0&cr=3&dr=0&lr=all&cd=0%7C0%7C0%7C&cv=1&br=434&bt=217&cs=0&ds=6&ft=-Csk_mugPD12NIB3ah-UxE.5XY6e3wv25icAp&mime_type=video_mp4&qs=4&rc=ODdoMzNkOzQ5NDZnMzdmOkBpM3U3eHM5cjY1NTMzNzczM0AwNl8uY2FeX2IxYi9fYTFfYSNmb3EvMmRrZC9hLS1kMTZzcw%3D%3D&btag=e000b8000&expire=1760415480&l=20251012121741335DFDA063E8B68CE27C&ply_type=2&policy=2&signature=19dbcb58cbfe786bf6fbc2e635c926b3&tk=tt_chain_token,7488421614087390213,samsungtv349,SamsungTV,False,"Location: Eastern region , Nkawkaw
For more info WhatsApp or call (0506636881)",267,21,0,0,1,7504382582248327942,original sound,skylight greeen💚,,
7551544594031185163,"📦 Unboxing da nova TV Samsung Neo QLED 65’’ Essa televisão faz parte da família Vision AI, a nova linha premium de TVs com recurso de inteligência artificial, imagem mais nítida e design super fino, quase sem bordas! Muito boa pra jogar também heinn 👀🎮 Fica de olho que já já sai o review completo no nosso blog. Dê um zoom 💜  #deumzoom #tvsamsung #tvneoqled #unboxing #unboxingasmr ",1758230993,35,576,1024,540p,848145,mp4,normal,h264,540p,https://p16-sign-va.tiktokcdn.com/tos-maliva-p-0068/oYemSgHgG2gNPCeLgIedAQKXVLdLaRCIOoAj1Y~tplv-tiktokx-origin.image?dr=14575&x-expires=1760414400&x-signature=sZLufi90Hw8Ckrp9WweGlZa74C8%3D&t=4d5b0474&ps=13740610&shp=81f88b70&shcp=43f4a2f9&idc=my,https://v16-webapp-prime.tiktok.com/video/tos/useast2a/tos-useast2a-pve-0068/og8ESEgDQlHB7mKFfFoRBgA0QOYlfzIYHjMOdJ/?a=1988&bti=ODszNWYuMDE6&ch=0&cr=3&dr=0&lr=all&cd=0%7C0%7C0%7C&cv=1&br=1656&bt=828&cs=0&ds=6&ft=I~da4os3D12NvnM-gWIxRtkSLlBF-UjNSdopiX&mime_type=video_mp4&qs=0&rc=aTo5ZWk8PGk0aWY7aTQ2NUBpM2xwbnQ5cjs6NjMzNzczM0BhNV9gXy81XmIxMmAtXl40YSNsXmswMmRzZzNhLS1kMTZzcw%3D%3D&btag=e00088000&expire=1760415497&l=20251012121741335DFDA063E8B68CE27C&ply_type=2&policy=2&signature=64527549a7f094619f636eb18c0a24b8&tk=tt_chain_token,6869035817920185350,deumzoom,Zoom,False,Compare preços e ganhe cashback! Quer pagar menos? Dê um Zoom 💜,101500,1697,16,123,155,6954387416970971144,Funky Stylish Cool Fun,RoundnoteMusic,"deumzoom, tvsamsung, tvneoqled, unboxing, unboxingasmr",
7349953490728291627,Unboxing my new Samsung 85’ Tv is so satisfying 😇 #asmr #asmrsounds #unboxing #unboxingvideo #samsungtv #satisfying #newhouse ,1711294434,73,576,1024,540p,920003,mp4,normal,h264,540p,https://p19-sign.tiktokcdn-us.com/tos-useast5-p-0068-tx/2f391c6892e6497c8fcd46a261cc0458_1711294438~tplv-tiktokx-dmt-logom:tos-useast5-i-0068-tx/oUAejRFmGQAeSAqfAbLAINGD5JeJYAOIIOAoRA.image?dr=14573&x-expires=1760414400&x-signature=hteF2hOhhsiFkc5yWWnVZZKNxhk%3D&t=4d5b0474&ps=13740610&shp=81f88b70&shcp=43f4a2f9&idc=my,https://v16-webapp-prime.tiktok.com/video/tos/maliva/tos-maliva-ve-0068c799-us/ooMCBAzp9EACzItompSIAfQdmwi0VABAzIiICi/?a=1988&bti=ODszNWYuMDE6&ch=0&cr=3&dr=0&lr=all&cd=0%7C0%7C0%7C&cv=1&br=1796&bt=898&cs=0&ds=6&ft=I~da4os3D12NvnM-gWIxRtkSLlBF-UjNSdopiX&mime_type=video_mp4&qs=0&rc=Ozw6Ozo2ZTs1OGc2ZThkNEBpM21kdG45cnM3cjMzZzczNEAyMS4yLTYxXjExX2AzMjBiYSNnYTFeMmRzNS1gLS1kMS9zcw%3D%3D&btag=e00090000&expire=1760415535&l=20251012121741335DFDA063E8B68CE27C&ply_type=2&policy=2&signature=3387cc8038ddc32dac8678334fae86d4&tk=tt_chain_token,6911935643628536838,allayshe,Allayshe🍒,False,"𝘓𝘪𝘧𝘦𝘴𝘵𝘺𝘭𝘦 ✨ 𝘏𝘰𝘮𝘦 ✨ 𝘉𝘦𝘢𝘶𝘵𝘺
📍 𝘏𝘰𝘶𝘴𝘵𝘰𝘯, 𝘛𝘟
💌 allaayshehome@gmail.com
⬇️ 𝘚𝘩𝘰𝘱 𝘮𝘺 𝘈𝘮𝘢𝘻𝘰𝘯 𝘴𝘵𝘰𝘳𝘦𝘧𝘳𝘰𝘯𝘵",1600000,53300,394,1852,4880,7349953625126406954,original sound,Allayshe🍒,"asmr, asmrsounds, unboxing, unboxingvideo, samsungtv, satisfying, newhouse",
7308443195019431174,"Supersized TV? 98"" Samsung Q80C 4K QLED 📺 Largest unboxing I've ever done. You think it can still go bigger? @Samsung  #TV #QLED #QLEDTV #Samsung #tech #technology #livingroom #tvsetup #tiktok ",1701629536,21,576,1024,540p,1099986,mp4,normal,h264,540p,https://p16-sign-va.tiktokcdn.com/tos-maliva-p-0068/eecd7737e7474cbeb35d579100b0b288_1701629538~tplv-tiktokx-dmt-logom:tos-useast2a-v-0068/ooy2Df9fIEkSQLntcAKgFEOZIfjZAAYuDC9AdO.image?dr=14573&x-expires=1760414400&x-signature=7zZEmETcj7btzZ9tOT1ZaJ4SlRM%3D&t=4d5b0474&ps=13740610&shp=81f88b70&shcp=43f4a2f9&idc=my,https://v16-webapp-prime.tiktok.com/video/tos/useast2a/tos-useast2a-ve-0068c001/o8USvqoEQm9itNzyEzgcWxZpiCGqshAiBIAQB/?a=1988&bti=ODszNWYuMDE6&ch=0&cr=3&dr=0&lr=all&cd=0%7C0%7C0%7C&cv=1&br=2148&bt=1074&cs=0&ds=6&ft=-Csk_mugPD12NIB3ah-UxE.5XY6e3wv25icAp&mime_type=video_mp4&qs=0&rc=Zzo3MzNmZWU1PGk7aTszPEBpamQ1O2w5cnZmbzMzNzczM0BhXy8xLi8uXzQxLTFjNGEtYSNoaTVoMmRrbmpgLS1kMTZzcw%3D%3D&btag=e000b8000&expire=1760415483&l=20251012121741335DFDA063E8B68CE27C&ply_type=2&policy=2&signature=50eda5d22116615085ad3d524249c83a&tk=tt_chain_token,6823122820089627654,karl_conrad,karlconrad,False,Photoshop for iPhone!,14700000,604500,4417,24400,61800,7218260256697109275,Jericho RG REMIX,Robert Grace,"tv, qled, qledtv, samsung, Tech, technology, livingroom, tvsetup, tiktok",
7499228624650849544,Tip para tu #samsungtv de @Samsung México   #kalextek #trucosamsung #tipsamsung #samsung #withgalaxy #samsungtvplus ,1746050237,59,576,1024,540p,1349860,mp4,normal,h264,540p,https://p16-sign-sg.tiktokcdn.com/tos-alisg-p-0037/oU4yvtCwIEWR1DqBpnoESDLBEQAqQdffgA3FYR~tplv-tiktokx-origin.image?dr=14575&x-expires=1760414400&x-signature=7GBqy6w%2Bjn5Ske0pzsz6wap7QyE%3D&t=4d5b0474&ps=13740610&shp=81f88b70&shcp=43f4a2f9&idc=my,https://v16-webapp-prime.tiktok.com/video/tos/alisg/tos-alisg-pve-0037c001/o0BvB2IaAbJn8yY7BHICnAOIuErUi1cQYSEKi/?a=1988&bti=ODszNWYuMDE6&ch=0&cr=3&dr=0&lr=all&cd=0%7C0%7C0%7C&cv=1&br=2636&bt=1318&cs=0&ds=6&ft=-Csk_mugPD12NIB3ah-UxE.5XY6e3wv25icAp&mime_type=video_mp4&qs=0&rc=Omg1NGc3ZDk5ODxmMzllZ0BpM2U1d3A5cnY8MzMzODczNEAtMjAyMTMuXmIxM2FiYi5eYSNgcTZxMmRrazZhLS1kMS1zcw%3D%3D&btag=e00090000&expire=1760415521&l=20251012121741335DFDA063E8B68CE27C&ply_type=2&policy=2&signature=00be510181220d2fbfaa76d0af9f983d&tk=tt_chain_token,6894057487957181446,kalextek,Kalextek,False,"Colaboraciones: kalextek@gmail.com
Te dejo mi Instagram abajo por cualquier duda",2400000,28200,596,11500,13200,7499228775771671297,sonido original,Kalextek,"samsungtv, kalextek, trucosamsung, tipsamsung, samsung, withgalaxy, samsungtvplus",
7236967405044419842,"They gave me the NEO QLED TV!! 🥹💕 So big and clear screen dengan sound bar yang memang best with Dolby Atmos ✨ It has truly changed my life in ways I never imagined! The stunning picture quality and immersive display have transported me to new dimensions of #homeentertainment 🎬🍿  Love sangat-sangat! Ada lagi! The #ecopackaging has not only reduced unnecessary waste tapi juga inspired me to make more conscious choices in my daily life.  🌱With #solarcellremote, it embrace sustainable technology that keeps my entertainment eco-friendly and energy-efficient Terima kasih, Samsung, kerana mengubah pengalaman tontonan saya dan memberikan impact positif terhadap planet kita 🫶🏼 #Ad #fyp #SamsungTV #MoreWowThanEver #SmartTV #samsungneoqled #neoqled ",1684987784,35,576,1024,540p,573033,mp4,lower,h264,540p,https://p16-sign-sg.tiktokcdn.com/tos-alisg-p-0037/o0S1I1BkBglQfLVgcDrwbCdAdJhnbeU7tQNvxC~tplv-tiktokx-origin.image?dr=14575&x-expires=1760414400&x-signature=H3mc%2FcRRkat%2BKLlOrTgXQUkpCWE%3D&t=4d5b0474&ps=13740610&shp=81f88b70&shcp=43f4a2f9&idc=my,https://v16-webapp-prime.tiktok.com/video/tos/alisg/tos-alisg-pve-0037/oYDJ7UggQDdxzNEBtvkCdnyBbIf1QN4bgASebV/?a=1988&bti=ODszNWYuMDE6&ch=0&cr=3&dr=0&lr=all&cd=0%7C0%7C0%7C&cv=1&br=1118&bt=559&cs=0&ds=6&ft=-Csk_mugPD12NIB3ah-UxE.5XY6e3wv25icAp&mime_type=video_mp4&qs=4&rc=NzU2aTplZmY2aDhlZjU6OUBpM2g1cGQ6ZmxnazMzODgzNEBiXzBeXjNiXjYxMDQwMy42YSNsYWsxcjRfcWtgLS1kLy1zcw%3D%3D&btag=e00088000&expire=1760415497&l=20251012121741335DFDA063E8B68CE27C&ply_type=2&policy=2&signature=3ef6f70aa88d9d59c4106779175e9e6f&tk=tt_chain_token,6891549207682581505,syamimiatoo,Syamimia,False,"🖤
@Syamimia",26400000,2200000,9266,81900,129000,7236967441123838721,original sound - Syamimia,Syamimia,"homeentertainment, ecopackaging, solarcellremote, ad, fyp, samsungtv, morewowthanever, smarttv, samsungneoqled, neoqled",
7490425407758503173,For more info 0264723370,1744000579,21,540,960,540p,230364,mp4,lower,h264,540p,https://p16-sign-va.tiktokcdn.com/tos-maliva-p-0068/osXX4ICmhsjSfifrs8MKmAqOPHCraMf25CQgAC~tplv-tiktokx-origin.image?dr=14575&x-expires=1760414400&x-signature=7jcg3xFW7m5t8VmOlDEF9dVImbw%3D&t=4d5b0474&ps=13740610&shp=81f88b70&shcp=43f4a2f9&idc=my,https://v16-webapp-prime.tiktok.com/video/tos/useast2a/tos-useast2a-ve-0068c003/ow8AfBE1kyDdR6QlRC6pFnzBfzJJrnEEVjIVmd/?a=1988&bti=ODszNWYuMDE6&ch=0&cr=3&dr=0&lr=all&cd=0%7C0%7C0%7C&br=448&bt=224&cs=0&ds=6&ft=-Csk_mugPD12NIB3ah-UxE.5XY6e3wv25icAp&mime_type=video_mp4&qs=4&rc=OGhlOmU2Z2k8NzNnPDdoZkBpamw6bnM5cm9veTMzNzczM0BhYWFfXy5eNTIxNjY1NGBeYSNzNm5kMmRjNW1gLS1kMTZzcw%3D%3D&btag=e000b8000&expire=1760415483&l=20251012121741335DFDA063E8B68CE27C&ply_type=2&policy=2&signature=3335efb1eb91fc7fe6f9e9e9e1784a46&tk=tt_chain_token,7488421614087390213,samsungtv349,SamsungTV,False,"Location: Eastern region , Nkawkaw
For more info WhatsApp or call (0506636881)",217,8,0,0,0,7218131517951019781,original sound,lyrics vibes,,
7474308489209253163,@Ms Rachel @Samsung Guess Ms.Rachel is too lit it fried our tv #broketv #msrachel #samsung #newtv2025 ,1740248099,24,576,1024,540p,216089,mp4,normal,h264,540p,https://p19-sign.tiktokcdn-us.com/tos-useast5-p-0068-tx/oM4e7IMeiPY636KgEFuA3ICCce1nQAKoFfAQeA~tplv-tiktokx-origin.image?dr=14575&x-expires=1760414400&x-signature=ejOsLqVm8KBB3cGMk9Pd31AxAy8%3D&t=4d5b0474&ps=13740610&shp=81f88b70&shcp=43f4a2f9&idc=my,https://v16-webapp-prime.tiktok.com/video/tos/maliva/tos-maliva-ve-0068c799-us/oQhB8yNfC6PnFDA1IQCfRFPDgEBESsJpH9udEn/?a=1988&bti=ODszNWYuMDE6&ch=0&cr=3&dr=0&lr=all&cd=0%7C0%7C0%7C&cv=1&br=422&bt=211&cs=0&ds=6&ft=-Csk_mugPD12NIB3ah-UxE.5XY6e3wv25icAp&mime_type=video_mp4&qs=0&rc=ZjhmZDRnaTozODkzZzxpO0Bpajp1d3Q5cjY0eDMzZzczNEBgL2NeMy8zNWExYzBeMzIyYSNzZjRlMmRjNXFgLS1kMS9zcw%3D%3D&btag=e000b8000&expire=1760415486&l=20251012121741335DFDA063E8B68CE27C&ply_type=2&policy=2&signature=d0be4910837c011956e9aea096c64bbc&tk=tt_chain_token,6788207871663326214,katarinabriannelow,katarinabriannelow,False,"What other people think of me is none of my business. 

Proud wife of @Tommy ❤️",29600,335,36,23,100,7474308610487585578,original sound,katarinabriannelow,"broketv, msrachel, samsung, newtv2025",
7498257905959865621,Samsung Smart TV လေးအကြောင်းကိုစိတ်ဝင်စားတယ်ဆိုရင်... #MagwayShoppingMall #TaungDwinGyi #ShweAyar #magway #ELECTRONIC #Minbu #tiktok #viralvideo #tiktokviral #Magway #Fashion #justforfun #dancetutorial #viral #trend #dance #acdc #samsung #smart,1745834400,75,720,960,720p,1359220,mp4,normal,h264,720p,https://p16-sign-sg.tiktokcdn.com/tos-alisg-p-0037/oweLgU4rAEDl1AGmDAALbH0vQeUSQBIE9ANKeA~tplv-tiktokx-origin.image?dr=14575&x-expires=1760414400&x-signature=O0jrtjSAugCHr45nuImPF6makv0%3D&t=4d5b0474&ps=13740610&shp=81f88b70&shcp=43f4a2f9&idc=my,https://v16-webapp-prime.tiktok.com/video/tos/alisg/tos-alisg-pve-0037/o8Mf5iTDAgzKbBwOEBKAFUK2wtiBB02uwQAPIi/?a=1988&bti=ODszNWYuMDE6&ch=0&cr=3&dr=0&lr=all&cd=0%7C0%7C0%7C&cv=1&br=2654&bt=1327&cs=0&ds=3&ft=-Csk_mugPD12NIB3ah-UxE.5XY6e3wv25icAp&mime_type=video_mp4&qs=0&rc=NDo7NjQ8Zjo5ZGkzOTU5aUBpamh1O2o5cjVsMzMzODgzNEA1M19gXzBeXmMxYV8xXjUvYSMtM2peMmRzZzRhLS1kL2Bzcw%3D%3D&btag=e00090000&expire=1760415537&l=20251012121741335DFDA063E8B68CE27C&ply_type=2&policy=2&signature=e770940d1aa89629530fc4c74124e372&tk=tt_chain_token,7356853769813918721,shweayarelectronic,Shwe Ayar Mobile & Electronic,False,"Shwe Ayar Mobile & Electronics
(MagwayShoppingMall)
☎️09 753222600, 09 753222800",4268,125,7,2,2,7498258003632737025,original sound - shweayarelectronic,Shwe Ayar Mobile & Electronic,"magwayshoppingmall, taungdwingyi, shweayar, magway, electronic, minbu, tiktok, viralvideo, tiktokviral, fashion, justforfun, dancetutorial, viral, trend, dance, acdc, samsung, smart",
7362937713122692370,LED 32 inch Sale 4k Results #fypシ  #fyp    #fypage  #foryou  #foryoupage    #viral  #viralvideo  #viraltiktok  #explore  #explorepage  #trending     #unfreezemyacount  #businessbaatcheet   #goviral   #onlinekharido @imrankhan.pti @dollyofficiall,1714317717,57,720,1280,720p,2926397,mp4,normal,h264,720p,https://p16-sign-sg.tiktokcdn.com/tos-alisg-p-0037/ogA6EiS6JiYQAaBAjVWZuTlB8YU5g73LkIiPY~tplv-tiktokx-origin.image?dr=14575&x-expires=1760414400&x-signature=hGdEYiBr5Rdv3%2BIqNaX5VI00%2FR4%3D&t=4d5b0474&ps=13740610&shp=81f88b70&shcp=43f4a2f9&idc=my2,https://v16-webapp-prime.tiktok.com/video/tos/alisg/tos-alisg-pve-0037/oU4I2QYQliZ6BLiJj3ASUEa5aA7GVTPlwAuyi/?a=1988&bti=ODszNWYuMDE6&ch=0&cr=3&dr=0&lr=all&cd=0%7C0%7C0%7C&cv=1&br=5714&bt=2857&cs=0&ds=3&ft=I~da4os3D12Nv.m-gWIxRvENLlBF-UjNSVopiX&mime_type=video_mp4&qs=0&rc=ZjNpPGQ0aTw3aWloNDM3ZkBpamUzbnQ5cnU5cjMzODgzNEA2LjAwLTBhXi4xNDM1Xy8vYSNvZmY2MmQ0NGtgLS1kLzFzcw%3D%3D&btag=e00088000&expire=1760415551&l=2025101212181457744C97A6FEE3679EBD&ply_type=2&policy=2&signature=a91c966cbff87590431a04d9647caea7&tk=tt_chain_token,7049436036724704258,businessbaatcheet,Business BaatCheet,False,Visit Youtube Business BaatCheet,2600000,81800,1242,6505,15800,7362938564458728193,original sound - Business BaatCheet✅,Business BaatCheet,"fypシ, fyp, fypage, foryou, foryoupage, viral, viralvideo, viraltiktok, explore, explorepage, trending, unfreezemyacount, businessbaatcheet, goviral, onlinekharido",
7490425407758503173,For more info 0264723370,1744000579,21,540,960,540p,230364,mp4,lower,h264,540p,https://p16-sign-va.tiktokcdn.com/tos-maliva-p-0068/osXX4ICmhsjSfifrs8MKmAqOPHCraMf25CQgAC~tplv-tiktokx-origin.image?dr=14575&x-expires=1760414400&x-signature=7jcg3xFW7m5t8VmOlDEF9dVImbw%3D&t=4d5b0474&ps=13740610&shp=81f88b70&shcp=43f4a2f9&idc=my2,https://v16-webapp-prime.tiktok.com/video/tos/useast2a/tos-useast2a-ve-0068c003/ow8AfBE1kyDdR6QlRC6pFnzBfzJJrnEEVjIVmd/?a=1988&bti=ODszNWYuMDE6&ch=0&cr=3&dr=0&lr=all&cd=0%7C0%7C0%7C&br=448&bt=224&cs=0&ds=6&ft=I~da4os3D12Nv.m-gWIxRvENLlBF-UjNSVopiX&mime_type=video_mp4&qs=4&rc=cnF8b2hsc2d3SkBwaHIxaDFybndmOGhlOmU2Z2k8NzNnPDdoZkBpamw6bnM5cm9veTMzNzczM0BjRl5Nc3FePmJKYSNvYF90aHFmOiNhYWFfXy5eNTIxNjY1NGBeYSNzNm5kMmRjNW1gLS1kMTZzcw%3D%3D&btag=e000b8000&expire=1760415515&l=2025101212181457744C97A6FEE3679EBD&ply_type=2&policy=2&signature=ab52e5e1d322d508ab095c0906b2d006&tk=tt_chain_token,7488421614087390213,samsungtv349,SamsungTV,False,"Location: Eastern region , Nkawkaw
For more info WhatsApp or call (0506636881)",217,8,0,0,0,7218131517951019781,original sound,lyrics vibes,,
7530193435597212934,,1753259791,9,480,854,480p,1289473,mp4,normal,h264,480p,https://p16-sign-va.tiktokcdn.com/tos-maliva-p-0068/oQoTJbAXjBWEJAFRjBgIexCCXgEVQmfmP7nDEm~tplv-tiktokx-origin.image?dr=14575&x-expires=1760414400&x-signature=3DQIz0S4EJxEdXdls9iYM7XwxM4%3D&t=4d5b0474&ps=13740610&shp=81f88b70&shcp=43f4a2f9&idc=my2,https://v16-webapp-prime.tiktok.com/video/tos/useast2a/tos-useast2a-pve-0068/ogfo9gROEpDgVA4EWnF7jIdxBmBeEQBjJWQJXA/?a=1988&bti=ODszNWYuMDE6&ch=0&cr=3&dr=0&lr=all&cd=0%7C0%7C0%7C&cv=1&br=2518&bt=1259&cs=0&ds=2&ft=I~da4os3D12Nv.m-gWIxRvENLlBF-UjNSVopiX&mime_type=video_mp4&qs=0&rc=ZGc0ZDg5aTczNWY1ZTQzZkBpM3BweWs5cnI8NTMzNzczM0AzMzQxYWItXmMxNTQ2Ni8yYSNnLWZpMmRzcS1hLS1kMTZzcw%3D%3D&btag=e000b0000&expire=1760415503&l=2025101212181457744C97A6FEE3679EBD&ply_type=2&policy=2&signature=1a46a7ff6c7fc96a35aa293d0518fd92&tk=tt_chain_token,7087314230064497670,samsung.255,samsung tanzania,False,"Welcome to official samsung tanzania tiktok
Special for home appliances 📍|posta",11200000,147400,2201,14500,14400,7232747752254294790,som original,Erikmaycon,,
7515120706649165063,Unboxing Samsung TV Neo Qled 2025 QN1EF #samsung #tv #smartv ,1749750396,43,576,1024,540p,857056,mp4,normal,h264,540p,https://p16-sign-sg.tiktokcdn.com/tos-alisg-p-0037/owIBvA3kA7AIbAm0EYOiikbJEBmf2A9LRwBECF~tplv-tiktokx-dmt-logom:tos-alisg-i-0068/okfgz7JvAbJExucoRPMCBoVkNEQzIAFWACASfD.image?dr=14573&x-expires=1760414400&x-signature=LsQFONntfRGpNEVnHIBK8uHB0gE%3D&t=4d5b0474&ps=13740610&shp=81f88b70&shcp=43f4a2f9&idc=my2,https://v16-webapp-prime.tiktok.com/video/tos/alisg/tos-alisg-pve-0037c001/o0ILEQAZIErJAZB0YiJJfItWHk0C3iEwuOYpAV/?a=1988&bti=ODszNWYuMDE6&ch=0&cr=3&dr=0&lr=all&cd=0%7C0%7C0%7C&cv=1&br=1672&bt=836&cs=0&ds=6&ft=I~da4os3D12Nv.m-gWIxRvENLlBF-UjNSVopiX&mime_type=video_mp4&qs=0&rc=OzQ1ZTZmNjg8aGVpOGU8aUBpajtmOG45cnVrNDMzODczNEAuNmExNWEtNjUxYWFjMjQ0YSMwcGlgMmRzMTJhLS1kMWBzcw%3D%3D&btag=e00088000&expire=1760415537&l=2025101212181457744C97A6FEE3679EBD&ply_type=2&policy=2&signature=7274635d0821b6573806218bc14c7054&tk=tt_chain_token,7109911425229865989,mundotecnologicomx,Mundo Tecnológico MX,False,"Canal Dedicado a la Tecnología, Unboxing y Review",241800,8322,57,391,880,7439295283975702544,luther,Kendrick Lamar & SZA,"samsung, tv, smartv",
7498257905959865621,Samsung Smart TV လေးအကြောင်းကိုစိတ်ဝင်စားတယ်ဆိုရင်... #MagwayShoppingMall #TaungDwinGyi #ShweAyar #magway #ELECTRONIC #Minbu #tiktok #viralvideo #tiktokviral #Magway #Fashion #justforfun #dancetutorial #viral #trend #dance #acdc #samsung #smart,1745834400,75,720,960,720p,1359220,mp4,normal,h264,720p,https://p16-sign-sg.tiktokcdn.com/tos-alisg-p-0037/oweLgU4rAEDl1AGmDAALbH0vQeUSQBIE9ANKeA~tplv-tiktokx-origin.image?dr=14575&x-expires=1760414400&x-signature=O0jrtjSAugCHr45nuImPF6makv0%3D&t=4d5b0474&ps=13740610&shp=81f88b70&shcp=43f4a2f9&idc=my2,https://v16-webapp-prime.tiktok.com/video/tos/alisg/tos-alisg-pve-0037/o8Mf5iTDAgzKbBwOEBKAFUK2wtiBB02uwQAPIi/?a=1988&bti=ODszNWYuMDE6&ch=0&cr=3&dr=0&lr=all&cd=0%7C0%7C0%7C&cv=1&br=2654&bt=1327&cs=0&ds=3&ft=I~da4os3D12Nv.m-gWIxRvENLlBF-UjNSVopiX&mime_type=video_mp4&qs=0&rc=NDo7NjQ8Zjo5ZGkzOTU5aUBpamh1O2o5cjVsMzMzODgzNEA1M19gXzBeXmMxYV8xXjUvYSMtM2peMmRzZzRhLS1kL2Bzcw%3D%3D&btag=e00090000&expire=1760415569&l=2025101212181457744C97A6FEE3679EBD&ply_type=2&policy=2&signature=a0c62022c8d1bcefe8b8ace4bc2e3a0b&tk=tt_chain_token,7356853769813918721,shweayarelectronic,Shwe Ayar Mobile & Electronic,False,"Shwe Ayar Mobile & Electronics
(MagwayShoppingMall)
☎️09 753222600, 09 753222800",4268,125,7,2,2,7498258003632737025,original sound - shweayarelectronic,Shwe Ayar Mobile & Electronic,"magwayshoppingmall, taungdwingyi, shweayar, magway, electronic, minbu, tiktok, viralvideo, tiktokviral, fashion, justforfun, dancetutorial, viral, trend, dance, acdc, samsung, smart",
7525860869654252808,SAMSUNG The Serif 43” QLED 4K SMART TV (2024) #samsungtheserif #samsung #tvsamsung #smarttv #samsungtv4k #samsungthailand ,1752251036,16,576,1024,540p,798810,mp4,normal,h264,540p,https://p16-sign-sg.tiktokcdn.com/tos-alisg-p-0037/oEpEWfTxfguRDxAIAAhEAbCUOBcFEPL1oyqJAB~tplv-tiktokx-origin.image?dr=14575&x-expires=1760414400&x-signature=Y0DVX9fkE2TQyU92d4ZzV1D8d7A%3D&t=4d5b0474&ps=13740610&shp=81f88b70&shcp=43f4a2f9&idc=my2,https://v16-webapp-prime.tiktok.com/video/tos/alisg/tos-alisg-pve-0037c001/okqBmBShi5PQEqiw0UXAmOJfE10IAFCOxIAsH4/?a=1988&bti=ODszNWYuMDE6&ch=0&cr=3&dr=0&lr=all&cd=0%7C0%7C0%7C&cv=1&br=1560&bt=780&cs=0&ds=6&ft=-Csk_mugPD12NdZ3ah-Ux76vbY6e3wv25AcAp&mime_type=video_mp4&qs=0&rc=NTY0OmdmOGU2Z2lnaTs0NkBpM3F1NG45cjVtNDMzODczNEBgL2ExLzAuXzIxXjZeNmBeYSNnZHAvMmRzaWxhLS1kMTFzcw%3D%3D&btag=e000b8000&expire=1760415510&l=2025101212181457744C97A6FEE3679EBD&ply_type=2&policy=2&signature=721652767fa9e6054477f68f5d19fcbf&tk=tt_chain_token,167289459162419200,rennyrain_,ฝนที่ตกทางโน้น,False,"‼️ดูดคลิป ปรับ 1 แสน ดำเนินคดีตามกฏหมาย‼️
ติดต่องาน Line : @𝟓𝟗𝟗𝐨𝐧𝐳𝐥𝐛",79500,761,25,87,102,7415580902048729089,ใจฟู (Speed Up),NOAH,"samsungtheserif, samsung, tvsamsung, smarttv, samsungtv4k, samsungthailand",
7532459814996167956,077 747 80 85 whatsap yazin #samsungtv #neoqled #4k #kesfe #fypシ゚ #On ,1753787477,9,576,1024,540p,1200119,mp4,normal,h264,540p,https://p16-sign-sg.tiktokcdn.com/tos-alisg-p-0037/oEClTGEwqwAidiFraZILyRfCGYB4AA8IzAF0qI~tplv-tiktokx-origin.image?dr=14575&x-expires=1760414400&x-signature=MWY7ZcAPUdMGk63LiqGRluSs288%3D&t=4d5b0474&ps=13740610&shp=81f88b70&shcp=43f4a2f9&idc=my2,https://v16-webapp-prime.tiktok.com/video/tos/alisg/tos-alisg-pve-0037c001/osuilrzFIqyCqWRALI7BfAdIYGAiQWFwBtz0EC/?a=1988&bti=ODszNWYuMDE6&ch=0&cr=3&dr=0&lr=all&cd=0%7C0%7C0%7C&cv=1&br=2342&bt=1171&cs=0&ds=6&ft=I~da4os3D12Nv.m-gWIxRvENLlBF-UjNSVopiX&mime_type=video_mp4&qs=0&rc=O2loaTM0PDpoZGY2O2Q0aUBpamVxM2w5cjZkNTMzODczNEBeNTZgLzYxNi8xNS5fNWNgYSNiM2hpMmRjbDFhLS1kMTFzcw%3D%3D&btag=e000b0000&expire=1760415503&l=2025101212181457744C97A6FEE3679EBD&ply_type=2&policy=2&signature=c44d8f7af413f144007fe45e070fe7fc&tk=tt_chain_token,6803056845687669766,sederek_anbar,Sederek _Anbar,False,"SAMSUNG LG BOSCH 
RƏSMİ ZEMENETLİ 
KREDİT YOXDUR 
Sifaris üçün 👇 
077 747 80 85",10400,69,11,19,4,7532459876501572353,orijinal ses,Sederek _Anbar,"samsungtv, neoqled, 4k, kesfe, fypシ゚, on",
7376329419880762642,#smarttv #unboxing #samsung #s90c #oled #ultrathin #120hz #4k #neural #quantum #processor #hdr #laserslim #slim #atmos #dolby #144hz #motionrate #gaminghub #asmr,1717435535,18,576,1024,540p,1268818,mp4,normal,h264,540p,https://p16-sign-sg.tiktokcdn.com/tos-alisg-p-0037/a5de66f3885a44daad452fbe93a209e3_1717435548~tplv-tiktokx-origin.image?dr=14575&x-expires=1760414400&x-signature=j%2FhYo1H5O6nACz5tW7SCKvpT%2B1E%3D&t=4d5b0474&ps=13740610&shp=81f88b70&shcp=43f4a2f9&idc=my2,https://v16-webapp-prime.tiktok.com/video/tos/alisg/tos-alisg-pve-0037c001/oQp4fMpCfACOgZD6IKV7xxIARFjRfuLFroEQDM/?a=1988&bti=ODszNWYuMDE6&ch=0&cr=3&dr=0&lr=all&cd=0%7C0%7C0%7C&cv=1&br=2478&bt=1239&cs=0&ds=6&ft=-Csk_mugPD12NdZ3ah-Ux76vbY6e3wv25AcAp&mime_type=video_mp4&qs=0&rc=ZDRnNDZnaGQ7NzlnZTo3NEBpM242ZXY5cnh5czMzODczNEA2MmEvNWE1X18xXzAuLzZgYSNnXzJgMmRrbGJgLS1kMTFzcw%3D%3D&btag=e000b8000&expire=1760415512&l=2025101212181457744C97A6FEE3679EBD&ply_type=2&policy=2&signature=e8c450201eb15e1598895634d952c2c4&tk=tt_chain_token,82242530364272640,seyanpai,seyanpai,False,Unbox | Game | Travel,115000,1114,21,669,355,7376329503058643728,original sound,seyanpai,"smarttv, unboxing, samsung, s90c, oled, ultrathin, 120hz, 4k, neural, quantum, processor, hdr, laserslim, slim, atmos, dolby, 144hz, motionrate, gaminghub, asmr",
7524290771546082578,"👈 구매링크는 왼쪽 동그라미 터치후 프로필링크에서 ""181번""에 있습니다 💕 #삼성75인치티비#75인치티비#75인치tv#삼성75인치tv#초대형티비#삼성전자4KUHDTV",1751885469,21,720,1278,720p,1618584,mp4,normal,h264,720p,https://p16-sign-sg.tiktokcdn.com/tos-alisg-p-0037/oIarPAjWpEYGrBVQ5EiwliVBIEpPBunAug72A~tplv-tiktokx-origin.image?dr=14575&x-expires=1760414400&x-signature=UfwKhreMsZTCjHhstwDFQsriPSc%3D&t=4d5b0474&ps=13740610&shp=81f88b70&shcp=43f4a2f9&idc=my2,https://v16-webapp-prime.tiktok.com/video/tos/alisg/tos-alisg-pve-0037c001/oEehXfxADgCINgAsu3GtoQIV1QItVTjS0LsITe/?a=1988&bti=ODszNWYuMDE6&ch=0&cr=3&dr=0&lr=all&cd=0%7C0%7C0%7C&cv=1&br=3160&bt=1580&cs=0&ds=3&ft=I~da4os3D12Nv.m-gWIxRvENLlBF-UjNSVopiX&mime_type=video_mp4&qs=0&rc=OTk7OztmNTtpOmQzO2dnM0BpM3A2bXU5cmh0NDMzODczNEBhMC4vYzE2NmIxXzM0My9gYSNvLW5pMmQ0X2lhLS1kMTFzcw%3D%3D&btag=e000b8000&expire=1760415515&l=2025101212181457744C97A6FEE3679EBD&ply_type=2&policy=2&signature=7b2c12f7637230ae93890be9dd7ce18f&tk=tt_chain_token,7279079070364992517,ggultemreview,꿀템리뷰,False,영상속 제품🔻구매하러 가기🔻,416300,1645,74,303,179,7524290822766856961,오리지널 사운드 - 꿀템리뷰,꿀템리뷰,"삼성75인치티비, 75인치티비, 75인치tv, 삼성75인치tv, 초대형티비, 삼성전자4kuhdtv",
7555525877627424011,SAMSUNG TV SCREENSAVER🖥 #samsung #samsungtv #screensaver ,1759157959,12,576,1024,540p,1104776,mp4,normal,h264,540p,https://p16-sign-va.tiktokcdn.com/tos-maliva-p-0068/ocBaAEDgIBybMEiksfInCHygV9tjUouOAwAAi0~tplv-tiktokx-origin.image?dr=14575&x-expires=1760414400&x-signature=bMrjueXcFT2YUqcP5aM8gp4fbPI%3D&t=4d5b0474&ps=13740610&shp=81f88b70&shcp=43f4a2f9&idc=my2,https://v16-webapp-prime.tiktok.com/video/tos/useast2a/tos-useast2a-ve-0068c003/oMorJia93BxIpAFReBQEis4QB2ElQMfD85nDEx/?a=1988&bti=ODszNWYuMDE6&ch=0&cr=3&dr=0&lr=all&cd=0%7C0%7C0%7C&cv=1&br=2156&bt=1078&cs=0&ds=6&ft=I~da4os3D12Nv.m-gWIxRvENLlBF-UjNSVopiX&mime_type=video_mp4&qs=0&rc=PDk4aDpnZmk4Mzk0PDZkNUBpamtvcng5cnc8NjMzNzczM0AtLWEwNS9hNTMxMTZeLzUwYSNsLmhyMmRzcGFhLS1kMTZzcw%3D%3D&btag=e000b0000&expire=1760415506&l=2025101212181457744C97A6FEE3679EBD&ply_type=2&policy=2&signature=eeb82066a50ea6f90ec0340a30118c61&tk=tt_chain_token,7371838387333317638,mcytech,Mcy,False,Tech📱👈🏻,36700,607,26,15,104,7481460563967380279,TRALALERO FUNK,nd7,"samsung, samsungtv, screensaver",
7554047499011443999,"Upgrading my tv setup. What do you think? Decided to switch over to a tv with less glare for the living room area and landed on the Samsung Frame Pro. So far it looks great, but I’ll definitely miss my Philips hue lights behind the tv. #interiordesign #tvsetup #interiordecor #asmr #samsungframepro     ",1758813755,67,576,1024,540p,576837,mp4,normal,h264,540p,https://p16-pu-sign-useast8.tiktokcdn-us.com/tos-useast8-p-0068-tx2/okYEA4oIV4fD1CRXA6VjVfE2FEARDA1ipCJrAE~tplv-tiktokx-origin.image?dr=14575&x-expires=1760414400&x-signature=ybGOGEAzjp5fpOnlFJtyM%2B%2B%2FmDo%3D&t=4d5b0474&ps=13740610&shp=81f88b70&shcp=43f4a2f9&idc=my2,https://v16-webapp-prime.tiktok.com/video/tos/maliva/tos-maliva-ve-0068c799-us/oorBUGvQeJLrI6beIAFqNqRJv2jEqAe0IIiCg8/?a=1988&bti=ODszNWYuMDE6&ch=0&cr=3&dr=0&lr=all&cd=0%7C0%7C0%7C&cv=1&br=1126&bt=563&cs=0&ds=6&ft=I~da4os3D12Nv.m-gWIxRvENLlBF-UjNSVopiX&mime_type=video_mp4&qs=0&rc=aDc0OjM0Ozo7NGhnPDU4Z0BpamQ1N2s5cnVvNjMzaTczNEBfNDM0XjQyNjAxMTNhMmJhYSNzL281MmRjb15hLS1kMTJzcw%3D%3D&btag=e00090000&expire=1760415561&l=2025101212181457744C97A6FEE3679EBD&ply_type=2&policy=2&signature=c6ff201968146b78ab30d8977ad92d62&tk=tt_chain_token,7052030361303303174,terrencebjr,Terrence Bradshaw,False,"wellness, self-improvement & mindset
terrence@viralnationtalent.com",3300000,217100,1360,12200,26500,7554047444179225375,original sound,Terrence Bradshaw,"interiordesign, tvsetup, interiordecor, asmr, samsungframepro",
7555984490108062983,077 747 80 85 #creatorsearchinsights #samsungtv #kewfett #fypage #fypp ,1759264742,10,576,1024,540p,786786,mp4,normal,h264,540p,https://p16-sign-sg.tiktokcdn.com/tos-alisg-p-0037/ogeRo4PwuAVGYnuADMNgAPFQfGcuh1TWj38efN~tplv-tiktokx-origin.image?dr=14575&x-expires=1760414400&x-signature=M7Fd3oOR0yYPxf2RyxFgkwISmKo%3D&t=4d5b0474&ps=13740610&shp=81f88b70&shcp=43f4a2f9&idc=my2,https://v16-webapp-prime.tiktok.com/video/tos/alisg/tos-alisg-pve-0037c001/oU3wGPpkjAQTRtGNfFcue98ghMYeejAuPA4O9W/?a=1988&bti=ODszNWYuMDE6&ch=0&cr=3&dr=0&lr=all&cd=0%7C0%7C0%7C&cv=1&br=1536&bt=768&cs=0&ds=6&ft=I~da4os3D12Nv.m-gWIxRvENLlBF-UjNSVopiX&mime_type=video_mp4&qs=0&rc=NjlmNmlnOTo0N2VpOWc8PEBpanA5dnI5cmo2NjMzODczNEBeMF9iXi82XjQxNTYzXmA0YSNyX2pvMmRzc2JhLS1kMTFzcw%3D%3D&btag=e000b0000&expire=1760415504&l=2025101212181457744C97A6FEE3679EBD&ply_type=2&policy=2&signature=1631214f9f11fb5cc3537341ae47d665&tk=tt_chain_token,6803056845687669766,sederek_anbar,Sederek _Anbar,False,"SAMSUNG LG BOSCH 
RƏSMİ ZEMENETLİ 
KREDİT YOXDUR 
Sifaris üçün 👇 
077 747 80 85",1063,18,2,0,2,7089913169497294849,Noori - Instrumental,Ultra Beats,"creatorsearchinsights, samsungtv, kewfett, fypage, fypp",
7490425407758503173,For more info 0264723370,1744000579,21,540,960,540p,230364,mp4,lower,h264,540p,https://p16-sign-va.tiktokcdn.com/tos-maliva-p-0068/osXX4ICmhsjSfifrs8MKmAqOPHCraMf25CQgAC~tplv-tiktokx-origin.image?dr=14575&x-expires=1760414400&x-signature=7jcg3xFW7m5t8VmOlDEF9dVImbw%3D&t=4d5b0474&ps=13740610&shp=81f88b70&shcp=43f4a2f9&idc=sg1,https://v16-webapp-prime.tiktok.com/video/tos/useast2a/tos-useast2a-ve-0068c003/ow8AfBE1kyDdR6QlRC6pFnzBfzJJrnEEVjIVmd/?a=1988&bti=ODszNWYuMDE6&ch=0&cr=3&dr=0&lr=all&cd=0%7C0%7C0%7C&br=448&bt=224&cs=0&ds=6&ft=4fUEKMwF8Zmo0TB_eI4jVWS7ypWrKsd.&mime_type=video_mp4&qs=4&rc=OGhlOmU2Z2k8NzNnPDdoZkBpamw6bnM5cm9veTMzNzczM0BhYWFfXy5eNTIxNjY1NGBeYSNzNm5kMmRjNW1gLS1kMTZzcw%3D%3D&btag=e000b8000&expire=1760415544&l=202510121218428E89C150C5E9003E9A6F&ply_type=2&policy=2&signature=ea6f0db06d09082b948147bee744f9e6&tk=tt_chain_token,7488421614087390213,samsungtv349,SamsungTV,False,"Location: Eastern region , Nkawkaw
For more info WhatsApp or call (0506636881)",217,8,0,0,0,7218131517951019781,original sound,lyrics vibes,,
7515120706649165063,Unboxing Samsung TV Neo Qled 2025 QN1EF #samsung #tv #smartv ,1749750396,43,576,1024,540p,857056,mp4,normal,h264,540p,https://p16-sign-sg.tiktokcdn.com/tos-alisg-p-0037/owIBvA3kA7AIbAm0EYOiikbJEBmf2A9LRwBECF~tplv-tiktokx-dmt-logom:tos-alisg-i-0068/okfgz7JvAbJExucoRPMCBoVkNEQzIAFWACASfD.image?dr=14573&x-expires=1760414400&x-signature=LsQFONntfRGpNEVnHIBK8uHB0gE%3D&t=4d5b0474&ps=13740610&shp=81f88b70&shcp=43f4a2f9&idc=sg1,https://v16-webapp-prime.tiktok.com/video/tos/alisg/tos-alisg-pve-0037c001/o0ILEQAZIErJAZB0YiJJfItWHk0C3iEwuOYpAV/?a=1988&bti=ODszNWYuMDE6&ch=0&cr=3&dr=0&lr=all&cd=0%7C0%7C0%7C&cv=1&br=1672&bt=836&cs=0&ds=6&ft=4fUEKMwF8Zmo0TB_eI4jVWS7ypWrKsd.&mime_type=video_mp4&qs=0&rc=OzQ1ZTZmNjg8aGVpOGU8aUBpajtmOG45cnVrNDMzODczNEAuNmExNWEtNjUxYWFjMjQ0YSMwcGlgMmRzMTJhLS1kMWBzcw%3D%3D&btag=e00088000&expire=1760415566&l=202510121218428E89C150C5E9003E9A6F&ply_type=2&policy=2&signature=90e3f74f93568d0ab0da4ea2ab9f81ef&tk=tt_chain_token,7109911425229865989,mundotecnologicomx,Mundo Tecnológico MX,False,"Canal Dedicado a la Tecnología, Unboxing y Review",241800,8322,57,391,880,7439295283975702544,luther,Kendrick Lamar & SZA,"samsung, tv, smartv",
7498257905959865621,Samsung Smart TV လေးအကြောင်းကိုစိတ်ဝင်စားတယ်ဆိုရင်... #MagwayShoppingMall #TaungDwinGyi #ShweAyar #magway #ELECTRONIC #Minbu #tiktok #viralvideo #tiktokviral #Magway #Fashion #justforfun #dancetutorial #viral #trend #dance #acdc #samsung #smart,1745834400,75,720,960,720p,1359220,mp4,normal,h264,720p,https://p16-sign-sg.tiktokcdn.com/tos-alisg-p-0037/oweLgU4rAEDl1AGmDAALbH0vQeUSQBIE9ANKeA~tplv-tiktokx-origin.image?dr=14575&x-expires=1760414400&x-signature=O0jrtjSAugCHr45nuImPF6makv0%3D&t=4d5b0474&ps=13740610&shp=81f88b70&shcp=43f4a2f9&idc=sg1,https://v16-webapp-prime.tiktok.com/video/tos/alisg/tos-alisg-pve-0037/o8Mf5iTDAgzKbBwOEBKAFUK2wtiBB02uwQAPIi/?a=1988&bti=ODszNWYuMDE6&ch=0&cr=3&dr=0&lr=all&cd=0%7C0%7C0%7C&cv=1&br=2654&bt=1327&cs=0&ds=3&ft=4fUEKMwF8Zmo0TB_eI4jVWS7ypWrKsd.&mime_type=video_mp4&qs=0&rc=NDo7NjQ8Zjo5ZGkzOTU5aUBpamh1O2o5cjVsMzMzODgzNEA1M19gXzBeXmMxYV8xXjUvYSMtM2peMmRzZzRhLS1kL2Bzcw%3D%3D&btag=e00090000&expire=1760415598&l=202510121218428E89C150C5E9003E9A6F&ply_type=2&policy=2&signature=6ca037b541f4afaf3aef857dcd355f9a&tk=tt_chain_token,7356853769813918721,shweayarelectronic,Shwe Ayar Mobile & Electronic,False,"Shwe Ayar Mobile & Electronics
(MagwayShoppingMall)
☎️09 753222600, 09 753222800",4268,125,7,2,2,7498258003632737025,original sound - shweayarelectronic,Shwe Ayar Mobile & Electronic,"magwayshoppingmall, taungdwingyi, shweayar, magway, electronic, minbu, tiktok, viralvideo, tiktokviral, fashion, justforfun, dancetutorial, viral, trend, dance, acdc, samsung, smart",
7525860869654252808,SAMSUNG The Serif 43” QLED 4K SMART TV (2024) #samsungtheserif #samsung #tvsamsung #smarttv #samsungtv4k #samsungthailand ,1752251036,16,576,1024,540p,798810,mp4,normal,h264,540p,https://p16-sign-sg.tiktokcdn.com/tos-alisg-p-0037/oEpEWfTxfguRDxAIAAhEAbCUOBcFEPL1oyqJAB~tplv-tiktokx-origin.image?dr=14575&x-expires=1760414400&x-signature=Y0DVX9fkE2TQyU92d4ZzV1D8d7A%3D&t=4d5b0474&ps=13740610&shp=81f88b70&shcp=43f4a2f9&idc=sg1,https://v16-webapp-prime.tiktok.com/video/tos/alisg/tos-alisg-pve-0037c001/okqBmBShi5PQEqiw0UXAmOJfE10IAFCOxIAsH4/?a=1988&bti=ODszNWYuMDE6&ch=0&cr=3&dr=0&lr=all&cd=0%7C0%7C0%7C&cv=1&br=1560&bt=780&cs=0&ds=6&ft=4fUEKMwF8Zmo0TB_eI4jVWS7ypWrKsd.&mime_type=video_mp4&qs=0&rc=NTY0OmdmOGU2Z2lnaTs0NkBpM3F1NG45cjVtNDMzODczNEBgL2ExLzAuXzIxXjZeNmBeYSNnZHAvMmRzaWxhLS1kMTFzcw%3D%3D&btag=e000b8000&expire=1760415539&l=202510121218428E89C150C5E9003E9A6F&ply_type=2&policy=2&signature=e649f5535bb7e8ef6870f48e4f8190f6&tk=tt_chain_token,167289459162419200,rennyrain_,ฝนที่ตกทางโน้น,False,"‼️ดูดคลิป ปรับ 1 แสน ดำเนินคดีตามกฏหมาย‼️
ติดต่องาน Line : @𝟓𝟗𝟗𝐨𝐧𝐳𝐥𝐛",79500,761,25,87,102,7415580902048729089,ใจฟู (Speed Up),NOAH,"samsungtheserif, samsung, tvsamsung, smarttv, samsungtv4k, samsungthailand",
7458785104341568773,#abidjan225🇨🇮 #cotedivoire🇨🇮 #cotonou229🇧🇯 #sengaltiktoker🇸🇳 #benintiktok🇧🇯 #lomejorestallegando #burkinatiktok🇧🇫 #togolais228🇹🇬 #malitiktok🇲🇱 #yamoussoukro #ouagadougou #Mali ,1736633745,39,576,1024,540p,1616469,mp4,normal,h264,540p,https://p16-sign-va.tiktokcdn.com/tos-maliva-p-0068/o0IzCncESBuN3QROm2QAeFEBy7DBGgC5AfA1YJ~tplv-tiktokx-origin.image?dr=14575&x-expires=1760414400&x-signature=6WvoEM7ugSwZiTMx8GJvnpaOzds%3D&t=4d5b0474&ps=13740610&shp=81f88b70&shcp=43f4a2f9&idc=sg1,https://v16-webapp-prime.tiktok.com/video/tos/useast2a/tos-useast2a-ve-0068c001/oofy2u1JgBBF2EAQgIcOmPAbGAyQ6neODERFE0/?a=1988&bti=ODszNWYuMDE6&ch=0&cr=3&dr=0&lr=all&cd=0%7C0%7C0%7C&cv=1&br=3156&bt=1578&cs=0&ds=6&ft=4fUEKMwF8Zmo0TB_eI4jVWS7ypWrKsd.&mime_type=video_mp4&qs=0&rc=ZDU4aWc2NjczNWk0Zzk8ZUBpMzZmNG05cmdoeDMzNzczM0BfYmA2MGJfX14xXzMyYTQvYSMtcG8tMmRjbS5gLS1kMTZzcw%3D%3D&btag=e00088000&expire=1760415562&l=202510121218428E89C150C5E9003E9A6F&ply_type=2&policy=2&signature=e253de2f2a1c0d382cee3f38c5989f2f&tk=tt_chain_token,7367893985078019078,afrimarket_01,afrimarket_01,False,"Numéro WhatsApp : +2250718963348

Expédition:🇨🇮🇲🇱 🇸🇳 🇧🇫 🇧🇯 🇹🇬 🇬🇳",134600,2731,1,545,976,7458785621463042821,son original,afrimarket_01,"abidjan225🇨🇮, cotedivoire🇨🇮, cotonou229🇧🇯, sengaltiktoker🇸🇳, benintiktok🇧🇯, LoMejorEstaLlegando, burkinatiktok🇧🇫, togolais228🇹🇬, malitiktok🇲🇱, yamoussoukro, ouagadougou, mali",
7554047499011443999,"Upgrading my tv setup. What do you think? Decided to switch over to a tv with less glare for the living room area and landed on the Samsung Frame Pro. So far it looks great, but I’ll definitely miss my Philips hue lights behind the tv. #interiordesign #tvsetup #interiordecor #asmr #samsungframepro     ",1758813755,67,576,1024,540p,576837,mp4,normal,h264,540p,https://p16-pu-sign-useast8.tiktokcdn-us.com/tos-useast8-p-0068-tx2/okYEA4oIV4fD1CRXA6VjVfE2FEARDA1ipCJrAE~tplv-tiktokx-origin.image?dr=14575&x-expires=1760414400&x-signature=ybGOGEAzjp5fpOnlFJtyM%2B%2B%2FmDo%3D&t=4d5b0474&ps=13740610&shp=81f88b70&shcp=43f4a2f9&idc=sg1,https://v16-webapp-prime.tiktok.com/video/tos/maliva/tos-maliva-ve-0068c799-us/oorBUGvQeJLrI6beIAFqNqRJv2jEqAe0IIiCg8/?a=1988&bti=ODszNWYuMDE6&ch=0&cr=3&dr=0&lr=all&cd=0%7C0%7C0%7C&cv=1&br=1126&bt=563&cs=0&ds=6&ft=4fUEKMwF8Zmo0TB_eI4jVWS7ypWrKsd.&mime_type=video_mp4&qs=0&rc=aDc0OjM0Ozo7NGhnPDU4Z0BpamQ1N2s5cnVvNjMzaTczNEBfNDM0XjQyNjAxMTNhMmJhYSNzL281MmRjb15hLS1kMTJzcw%3D%3D&btag=e00090000&expire=1760415590&l=202510121218428E89C150C5E9003E9A6F&ply_type=2&policy=2&signature=bfb636b608a6951bf8f2bb9c7206c500&tk=tt_chain_token,7052030361303303174,terrencebjr,Terrence Bradshaw,False,"wellness, self-improvement & mindset
terrence@viralnationtalent.com",3300000,217100,1360,12200,26500,7554047444179225375,original sound,Terrence Bradshaw,"interiordesign, tvsetup, interiordecor, asmr, samsungframepro",
7362937713122692370,LED 32 inch Sale 4k Results #fypシ  #fyp    #fypage  #foryou  #foryoupage    #viral  #viralvideo  #viraltiktok  #explore  #explorepage  #trending     #unfreezemyacount  #businessbaatcheet   #goviral   #onlinekharido @imrankhan.pti @dollyofficiall,1714317717,57,720,1280,720p,2926397,mp4,normal,h264,720p,https://p16-sign-sg.tiktokcdn.com/tos-alisg-p-0037/ogA6EiS6JiYQAaBAjVWZuTlB8YU5g73LkIiPY~tplv-tiktokx-origin.image?dr=14575&x-expires=1760414400&x-signature=hGdEYiBr5Rdv3%2BIqNaX5VI00%2FR4%3D&t=4d5b0474&ps=13740610&shp=81f88b70&shcp=43f4a2f9&idc=sg1,https://v16-webapp-prime.tiktok.com/video/tos/alisg/tos-alisg-pve-0037/oU4I2QYQliZ6BLiJj3ASUEa5aA7GVTPlwAuyi/?a=1988&bti=ODszNWYuMDE6&ch=0&cr=3&dr=0&lr=all&cd=0%7C0%7C0%7C&cv=1&br=5714&bt=2857&cs=0&ds=3&ft=4fUEKMwF8Zmo0TB_eI4jVWS7ypWrKsd.&mime_type=video_mp4&qs=0&rc=ZjNpPGQ0aTw3aWloNDM3ZkBpamUzbnQ5cnU5cjMzODgzNEA2LjAwLTBhXi4xNDM1Xy8vYSNvZmY2MmQ0NGtgLS1kLzFzcw%3D%3D&btag=e00088000&expire=1760415580&l=202510121218428E89C150C5E9003E9A6F&ply_type=2&policy=2&signature=f29b9e25ad598c1520dd1aa05dc677d5&tk=tt_chain_token,7049436036724704258,businessbaatcheet,Business BaatCheet,False,Visit Youtube Business BaatCheet,2600000,81800,1242,6505,15800,7362938564458728193,original sound - Business BaatCheet✅,Business BaatCheet,"fypシ, fyp, fypage, foryou, foryoupage, viral, viralvideo, viraltiktok, explore, explorepage, trending, unfreezemyacount, businessbaatcheet, goviral, onlinekharido",
7555525877627424011,SAMSUNG TV SCREENSAVER🖥 #samsung #samsungtv #screensaver ,1759157959,12,576,1024,540p,1104776,mp4,normal,h264,540p,https://p16-sign-va.tiktokcdn.com/tos-maliva-p-0068/ocBaAEDgIBybMEiksfInCHygV9tjUouOAwAAi0~tplv-tiktokx-origin.image?dr=14575&x-expires=1760414400&x-signature=bMrjueXcFT2YUqcP5aM8gp4fbPI%3D&t=4d5b0474&ps=13740610&shp=81f88b70&shcp=43f4a2f9&idc=sg1,https://v16-webapp-prime.tiktok.com/video/tos/useast2a/tos-useast2a-ve-0068c003/oMorJia93BxIpAFReBQEis4QB2ElQMfD85nDEx/?a=1988&bti=ODszNWYuMDE6&ch=0&cr=3&dr=0&lr=all&cd=0%7C0%7C0%7C&cv=1&br=2156&bt=1078&cs=0&ds=6&ft=4fUEKMwF8Zmo0TB_eI4jVpakPpWrKsd.&mime_type=video_mp4&qs=0&rc=PDk4aDpnZmk4Mzk0PDZkNUBpamtvcng5cnc8NjMzNzczM0AtLWEwNS9hNTMxMTZeLzUwYSNsLmhyMmRzcGFhLS1kMTZzcw%3D%3D&btag=e000b0000&expire=1760415535&l=202510121218428E89C150C5E9003E9A6F&ply_type=2&policy=2&signature=5b2e27b8209de15e1c1ecb81b7a1f3e8&tk=tt_chain_token,7371838387333317638,mcytech,Mcy,False,Tech📱👈🏻,36700,607,26,15,104,7481460563967380279,TRALALERO FUNK,nd7,"samsung, samsungtv, screensaver",
7532459814996167956,077 747 80 85 whatsap yazin #samsungtv #neoqled #4k #kesfe #fypシ゚ #On ,1753787477,9,576,1024,540p,1200119,mp4,normal,h264,540p,https://p16-sign-sg.tiktokcdn.com/tos-alisg-p-0037/oEClTGEwqwAidiFraZILyRfCGYB4AA8IzAF0qI~tplv-tiktokx-origin.image?dr=14575&x-expires=1760414400&x-signature=MWY7ZcAPUdMGk63LiqGRluSs288%3D&t=4d5b0474&ps=13740610&shp=81f88b70&shcp=43f4a2f9&idc=sg1,https://v16-webapp-prime.tiktok.com/video/tos/alisg/tos-alisg-pve-0037c001/osuilrzFIqyCqWRALI7BfAdIYGAiQWFwBtz0EC/?a=1988&bti=ODszNWYuMDE6&ch=0&cr=3&dr=0&lr=all&cd=0%7C0%7C0%7C&cv=1&br=2342&bt=1171&cs=0&ds=6&ft=4fUEKMwF8Zmo0TB_eI4jVpakPpWrKsd.&mime_type=video_mp4&qs=0&rc=O2loaTM0PDpoZGY2O2Q0aUBpamVxM2w5cjZkNTMzODczNEBeNTZgLzYxNi8xNS5fNWNgYSNiM2hpMmRjbDFhLS1kMTFzcw%3D%3D&btag=e000b0000&expire=1760415532&l=202510121218428E89C150C5E9003E9A6F&ply_type=2&policy=2&signature=176c7ef5327bb37ebb75192939672232&tk=tt_chain_token,6803056845687669766,sederek_anbar,Sederek _Anbar,False,"SAMSUNG LG BOSCH 
RƏSMİ ZEMENETLİ 
KREDİT YOXDUR 
Sifaris üçün 👇 
077 747 80 85",10400,69,11,19,4,7532459876501572353,orijinal ses,Sederek _Anbar,"samsungtv, neoqled, 4k, kesfe, fypシ゚, on",
7524290771546082578,"👈 구매링크는 왼쪽 동그라미 터치후 프로필링크에서 ""181번""에 있습니다 💕 #삼성75인치티비#75인치티비#75인치tv#삼성75인치tv#초대형티비#삼성전자4KUHDTV",1751885469,21,720,1278,720p,1618584,mp4,normal,h264,720p,https://p16-sign-sg.tiktokcdn.com/tos-alisg-p-0037/oIarPAjWpEYGrBVQ5EiwliVBIEpPBunAug72A~tplv-tiktokx-origin.image?dr=14575&x-expires=1760414400&x-signature=UfwKhreMsZTCjHhstwDFQsriPSc%3D&t=4d5b0474&ps=13740610&shp=81f88b70&shcp=43f4a2f9&idc=sg1,https://v16-webapp-prime.tiktok.com/video/tos/alisg/tos-alisg-pve-0037c001/oEehXfxADgCINgAsu3GtoQIV1QItVTjS0LsITe/?a=1988&bti=ODszNWYuMDE6&ch=0&cr=3&dr=0&lr=all&cd=0%7C0%7C0%7C&cv=1&br=3160&bt=1580&cs=0&ds=3&ft=4fUEKMwF8Zmo0TB_eI4jVWS7ypWrKsd.&mime_type=video_mp4&qs=0&rc=OTk7OztmNTtpOmQzO2dnM0BpM3A2bXU5cmh0NDMzODczNEBhMC4vYzE2NmIxXzM0My9gYSNvLW5pMmQ0X2lhLS1kMTFzcw%3D%3D&btag=e000b8000&expire=1760415544&l=202510121218428E89C150C5E9003E9A6F&ply_type=2&policy=2&signature=0512cd00ec864d34c12ee1cf07af784f&tk=tt_chain_token,7279079070364992517,ggultemreview,꿀템리뷰,False,영상속 제품🔻구매하러 가기🔻,416300,1645,74,303,179,7524290822766856961,오리지널 사운드 - 꿀템리뷰,꿀템리뷰,"삼성75인치티비, 75인치티비, 75인치tv, 삼성75인치tv, 초대형티비, 삼성전자4kuhdtv",
7376329419880762642,#smarttv #unboxing #samsung #s90c #oled #ultrathin #120hz #4k #neural #quantum #processor #hdr #laserslim #slim #atmos #dolby #144hz #motionrate #gaminghub #asmr,1717435535,18,576,1024,540p,1268818,mp4,normal,h264,540p,https://p16-sign-sg.tiktokcdn.com/tos-alisg-p-0037/a5de66f3885a44daad452fbe93a209e3_1717435548~tplv-tiktokx-origin.image?dr=14575&x-expires=1760414400&x-signature=j%2FhYo1H5O6nACz5tW7SCKvpT%2B1E%3D&t=4d5b0474&ps=13740610&shp=81f88b70&shcp=43f4a2f9&idc=sg1,https://v16-webapp-prime.tiktok.com/video/tos/alisg/tos-alisg-pve-0037c001/oQp4fMpCfACOgZD6IKV7xxIARFjRfuLFroEQDM/?a=1988&bti=ODszNWYuMDE6&ch=0&cr=3&dr=0&lr=all&cd=0%7C0%7C0%7C&cv=1&br=2478&bt=1239&cs=0&ds=6&ft=4fUEKMwF8Zmo0TB_eI4jVWS7ypWrKsd.&mime_type=video_mp4&qs=0&rc=ZDRnNDZnaGQ7NzlnZTo3NEBpM242ZXY5cnh5czMzODczNEA2MmEvNWE1X18xXzAuLzZgYSNnXzJgMmRrbGJgLS1kMTFzcw%3D%3D&btag=e000b8000&expire=1760415541&l=202510121218428E89C150C5E9003E9A6F&ply_type=2&policy=2&signature=5a6267b4ef068ad1b6a4f9fc3be097f9&tk=tt_chain_token,82242530364272640,seyanpai,seyanpai,False,Unbox | Game | Travel,115000,1114,21,669,355,7376329503058643728,original sound,seyanpai,"smarttv, unboxing, samsung, s90c, oled, ultrathin, 120hz, 4k, neural, quantum, processor, hdr, laserslim, slim, atmos, dolby, 144hz, motionrate, gaminghub, asmr",
7519912367564557586,Tip para tu #samsungtv de @Samsung México  #kalextek #trucosamsung #tipsamsung #samsung #withgalaxy,1750866040,66,576,1024,540p,1615368,mp4,normal,h264,540p,https://p16-sign-sg.tiktokcdn.com/tos-alisg-p-0037/o0xECYWHiiAnhLBwIIKBqyqmgAGdwz0cOA6fAH~tplv-tiktokx-origin.image?dr=14575&x-expires=1760414400&x-signature=gwSyoeAxK2B6kO1ANKQ70Vwq4RY%3D&t=4d5b0474&ps=13740610&shp=81f88b70&shcp=43f4a2f9&idc=sg1,https://v16-webapp-prime.tiktok.com/video/tos/alisg/tos-alisg-pve-0037c001/oUfy2AJBg064IwiZGqminC1BAuMHLEIcwzqAQA/?a=1988&bti=ODszNWYuMDE6&ch=0&cr=3&dr=0&lr=all&cd=0%7C0%7C0%7C&cv=1&br=3154&bt=1577&cs=0&ds=6&ft=4fUEKMwF8Zmo0TB_eI4jVWS7ypWrKsd.&mime_type=video_mp4&qs=0&rc=NDkzZDY5ZTU5ODZnZjkzZUBpajNkeG05cnM0NDMzODczNEAtMTYvLi1fXl8xMDQzYl9iYSMwYGlnMmRjZGJhLS1kMTFzcw%3D%3D&btag=e00090000&expire=1760415589&l=202510121218428E89C150C5E9003E9A6F&ply_type=2&policy=2&signature=d19e829083965ddfa7885aef700d7695&tk=tt_chain_token,6894057487957181446,kalextek,Kalextek,False,"Colaboraciones: kalextek@gmail.com
Te dejo mi Instagram abajo por cualquier duda",361300,5670,211,714,1915,7519912425970436865,sonido original,Kalextek,"samsungtv, kalextek, trucosamsung, tipsamsung, samsung, withgalaxy",
