video_id,search_keyword,search_region,search_order,collected_at,title,description,channel_id,channel_title,published_at,category_id,default_language,default_audio_language,live_broadcast_content,tags,thumbnail_default,thumbnail_medium,thumbnail_high,thumbnail_standard,thumbnail_maxres,view_count,like_count,dislike_count,favorite_count,comment_count,duration_seconds,duration_iso,dimension,definition,caption,licensed_content,content_rating,projection,has_custom_thumbnail,upload_status,privacy_status,license,embeddable,public_stats_viewable,made_for_kids,self_declared_made_for_kids,topic_ids,relevant_topic_ids,topic_categories,recording_date,location_latitude,location_longitude,location_altitude,channel_subscriber_count,channel_video_count,channel_total_view_count,channel_description,channel_country,channel_custom_url,channel_published_at
fE3Goap-Q1I,samsung tv,US,relevance,2025-10-12T10:53:10.440299,Best Samsung TVs 2025  [don’t buy one before watching this],"#SamsungTVs #TechReview #HomeEntertainment #SmartTV #QLED  All Samsung Products - 5% OFF at https://geni.us/JSuojH  ► Links to the Best Samsung TVs   Chapters 01:01    ► 6. Samsung S95F OLED  https://geni.us/zG7YBc 02:49    ► 5. Samsung QN65S95D   https://geni.us/QOfGbUr 04:47    ► 4. Samsung S90F OLED  https://geni.us/lje9q 06:26    ► 3. Samsung S85F OLED   https://geni.us/9iDJMc 08:05    ► 2. Samsung Q60D      https://geni.us/Knpa 10:01    ► 1. Samsung Q80D       https://geni.us/25CYLdg  In this comprehensive guide, we’ll delve into the top models that Samsung has to offer, including their stunning QLED options and cutting-edge Neo QLED technology. Whether you're a movie buff, a gaming enthusiast, or simply looking for a sleek addition to your living room, we’ve got you covered! 🛋️🎮  🎁 Get your FREE 30-day trial of Amazon Prime,  👉  Free Shipping! / Unlimited streaming / Daily Deals     👉  https://amzn.to/4fuDpHl  Subscribe for more content (IT'S FREE): https://www.youtube.com/c/LegitPick?sub_confirmation=1  It would make my day if you could also follow me on: 😊 Facebook: https://www.facebook.com/LegitPick​ 🌈 Instagram: http://instagram.com/LegitPick​​ 🐦 Twitter: http://twitter.com/LegitPick​​  ►Disclaimer◄ Some of the footage used in this video is not original content produced by LegitPick. Portions of stock footage of products were gathered from multiple sources including, manufactures, fellow creators, and various other sources. If something belongs to you, and you want it to be removed, please do not hesitate to contact us at thelegitpick[at]gmail.com  LegitPick is a participant in the Amazon Services LLC Associates Program, an affiliate advertising program designed to provide a means for sites to earn advertising fees by advertising and linking to Amazon.com. As an Amazon Associate, I earn from qualifying purchases.  Thanks a lot for watching, if you are any questions feel free to ask in the comments.",UCiMf_b_9J-w-sQSlj7HyCJw,Legit Pick,2025-07-25T14:01:10Z,28,en-US,en-US,none,,https://i.ytimg.com/vi/fE3Goap-Q1I/default.jpg,https://i.ytimg.com/vi/fE3Goap-Q1I/mqdefault.jpg,https://i.ytimg.com/vi/fE3Goap-Q1I/hqdefault.jpg,https://i.ytimg.com/vi/fE3Goap-Q1I/sddefault.jpg,https://i.ytimg.com/vi/fE3Goap-Q1I/maxresdefault.jpg,9153,56,0,0,4,760,PT12M40S,2d,hd,false,True,{},rectangular,False,processed,public,youtube,True,True,False,False,,,https://en.wikipedia.org/wiki/Technology,,,,,37800,785,21351033," If you are like us, then you understand how important it is to find the perfect products, This is the reason we created this channel, just as the name suggests, you don't need to buy anything without know if it's worth your money or not.  Legit Pick helps you find the Top 5 Reviews in every niche l",US,@legitpick,2021-03-16T14:26:15.280744Z
iv3gFxZak0I,samsung tv,US,relevance,2025-10-12T10:53:10.440299,Samsung U8000F Crystal UHD VS Q7F QLED 4K TV,"Samsung U8000F 43"" https://geni.us/cOl9ZS2 Samsung U8000F 50"" https://geni.us/Z6KaIid Samsung U8000F 55""  https://geni.us/9lQJd Samsung U8000F 58"" https://geni.us/I8f6BD8 Samsung U8000F 65""  https://geni.us/WZX8lJ Samsung U8000F 75""  https://geni.us/TtOcPA8 Samsung U8000F 85""  https://geni.us/7oNI  85"" Samsung Q7F https://geni.us/CzNzbTC 75"" Samsung Q7F https://geni.us/xoppYy 65"" Samsung Q7F https://geni.us/Qfg1bnp 55"" Samsung Q7F https://geni.us/KHTv 50"" Samsung Q7F https://geni.us/NEVKKAM 43"" Samsung Q7F https://geni.us/XXGqhkg  HDMI eARC to optical and RCA Adapter https://geni.us/7DzriNW  ➡️ DISCLAIMER: This video and description contains affiliate links, The channel gets a small commission for purchases made via these links.  This helps the channel purchase more products for reviews and allow me to create better content for your viewing.  🔹 Join 4K TV Chat Community https://geni.us/KZ0yXs8 🔹 Steve Merch https://geni.us/PuwI6C 🔹 Camera Gear I Use:  https://geni.us/FCGtGM 🔹Social Media https://geni.us/yBwF 🔹5% Slant Wall From Videos https://geni.us/STJIJm   Promo Code ""TECHSTEVEHD"" Video https://youtu.be/ynxmrOHYN9U  *********************************************************  ""Game Content Usage Rules"" using assets and it is not endorsed *********************************************************  #techsteve #samsung   👍🏽 Subscribe,❤️ Like &  Share 📲 Share ---- Hit The Notification 🔔",UCmHO0Rw7nBFK2233om_vyWA,Tech Steve,2025-08-06T17:48:52Z,28,en,en,none,"Samsung U8000F Crystal UHD TV,tech steve,samsung,tech steve samsung,samsung 2023 crystal uhd tv,samsung tu7020 crystal uhd 4k smart tv,samsung crystal hd tv,samsung u8000f crystal uhd tv,crystal processor 4k,samsung crystal uhd,samsung tv,samsung u8000f tv,samsung u8000f,crystal uhd u8000f,My HONEST Review of The Samsung U8000F TV Performance",https://i.ytimg.com/vi/iv3gFxZak0I/default.jpg,https://i.ytimg.com/vi/iv3gFxZak0I/mqdefault.jpg,https://i.ytimg.com/vi/iv3gFxZak0I/hqdefault.jpg,https://i.ytimg.com/vi/iv3gFxZak0I/sddefault.jpg,https://i.ytimg.com/vi/iv3gFxZak0I/maxresdefault.jpg,65292,657,0,0,161,767,PT12M47S,2d,hd,false,True,{},rectangular,False,processed,public,creativeCommon,True,True,False,False,,,https://en.wikipedia.org/wiki/Technology,,32.7157402038574,-117.1610794067383,0,218000,1033,69162157,"Hello everyone, and welcome to The Tech Steve Channel! Here, I share my passion for technology—from televisions and audio, to the latest gadgets shaping the consumer market. Over the years, I’ve worked across industries, from wireless and electronic sales to IT and computer building, always driven b",US,@techsteve,2013-11-18T22:01:27Z
I_GQPrCf90s,samsung tv,US,relevance,2025-10-12T10:53:10.440299,This Could Be The Last Glossy Samsung OLED TV Ever… [REVIEW],"We review the 65-inch Samsung S90F featuring a QD-OLED panel, which could potentially be the last glossy OLED TV from the South Korean brand.  The ""Includes Paid Promotion"" message in this video refers to the sponsorship by British AV retailer Richer Sounds. If you're interested in getting a new TV, even if it's not a new Samsung OLED, please support this channel by considering buying from them. Visit your local Richer Sounds store to get the best deals through cheaper 'VIP exclusive' in-store only prices,  or call telesales for your next TV purchase on 0333 900 0093. Thanks again for your support.  ======================== **Click Below to SUBSCRIBE for More Reviews, Sneak Peeks & Tips: https://www.youtube.com/channel/UCcCYOO2uYPnG-21WDOWdwew?sub_confirmation=1 ========================  VISIT HDTV Test http://www.hdtvtest.co.uk/  FOLLOW US! https://bsky.app/profile/hdtvtest.bsky.social https://www.threads.net/@hdtvtest https://www.tiktok.com/@hdtvtest https://www.instagram.com/hdtvtest https://twitter.com/vincent_teoh https://www.patreon.com/hdtvtest",UCcCYOO2uYPnG-21WDOWdwew,HDTVTest,2025-10-10T20:56:27Z,28,en,en,none,,https://i.ytimg.com/vi/I_GQPrCf90s/default.jpg,https://i.ytimg.com/vi/I_GQPrCf90s/mqdefault.jpg,https://i.ytimg.com/vi/I_GQPrCf90s/hqdefault.jpg,https://i.ytimg.com/vi/I_GQPrCf90s/sddefault.jpg,https://i.ytimg.com/vi/I_GQPrCf90s/maxresdefault.jpg,21465,796,0,0,197,691,PT11M31S,2d,hd,false,True,{},rectangular,False,processed,public,youtube,True,True,False,False,,,https://en.wikipedia.org/wiki/Technology,,,,,599000,961,165823341,"Youtube's leading voice on TV technology, with many videos getting at least 20000 views, 1000 likes & tons of comments. ",GB,@hdtvtest,2007-03-02T19:38:24Z
nImBWUvxU1I,samsung tv,US,relevance,2025-10-12T10:53:10.440299,Samsung U7900F: Everything You Need to Know,"Current Samsung TV Offers https://geni.us/kK6c8S 85"" Samsung U7900F  https://geni.us/vwpdoxT 75"" Samsung U7900F  https://geni.us/hW9e 70"" Samsung U7900F  https://geni.us/JxaQJs 65"" Samsung U7900F  https://geni.us/Vzb7rs 58"" Samsung U7900F  https://geni.us/AogVDy3 55"" Samsung U7900F https://geni.us/tXYKEW 50"" Samsung U7900F  https://geni.us/epWu2g3  Samsung S95F Matte Screen https://geni.us/ALrQIA How to setup Samsung TV https://youtu.be/Jfgi3X5jBY0  ➡️ DISCLAIMER: This video and description contains affiliate links, The channel gets a small commission for purchases made via these links.  This helps the channel purchase more products for reviews and allow me to create better content for your viewing.  Product Highlights: Crystal Processor 4K: Experience lifelike entertainment with dazzling 4K resolution and powerful upscaling that enhances every detail in movies, shows, games, and sports. Sleek MetalStream Design: Elevate your space with a slim, aircraft-inspired design crafted from a single sheet of metal—minimal bezels for maximum immersion. Samsung Knox Security: Stay protected with triple-layer security that blocks unauthorized apps, phishing websites, and safeguards connected devices and personal data. Endless Free Content: Access 2,700+ free channels and 400+ premium Samsung TV Plus channels, including live news, sports, movies, kids’ shows, and more. Motion Xcelerator & HDR: Enjoy smooth, fast-motion clarity for gaming and sports, plus HDR10+ for deeper contrast, enhanced detail, and cinematic realism in every scene. Color Booster & Object Tracking Sound Lite: Immerse yourself with vibrant, dynamic colors and audio that follows on-screen action for a more engaging viewing experience.  🔹 Join My Community https://geni.us/KZ0yXs8 🔹 Steve Merch https://geni.us/PuwI6C 🔹 Camera Gear I Use:  https://geni.us/FCGtGM 🔹Social Media https://geni.us/yBwF  Calman Calibration Solution  https://geni.us/42BchX  🔉🔉🔉 Listen To Podcast On 🔉🔉🔉  ➡️Apple Podcast https://geni.us/NaZPyL7 ➡️iHeart Radio https://geni.us/6ZXAni ➡️Deezer https://geni.us/oRCki ➡️Spotify https://geni.us/cT5tv ➡️Amazon Music https://geni.us/B3AgaJK  Subscribe Tech Steve YouTube Channel https://geni.us/TWuA8F  Support The Creator 🏪Amazon Store https://www.amazon.com/shop/techsteve 💵Buy Me A Coffee https://geni.us/oI3KX 💵Donate Via Paypal https://geni.us/qmLi  ******************************************************************  ""Game Content Usage Rules"" using assets and it is not endorsed ******************************************************************  #ad, #sponsored #samsung   🎥 Video Chapters: 00:00 Introduction 00:20 Ad 00:42 Overview 01:16 Sizes 01:52 In The Box 02:06 Remote 02:46 Bottom Of TV 04:15 Connections 04:43 Glare Test 05:35 Setup Options 06:12 Smart Thing App For Voice 06:38 Tizen OS 07:54 Movie Demos 09:37 Gaming 12:44 Picture Testing 15:58 Audio",UCmHO0Rw7nBFK2233om_vyWA,Tech Steve,2025-10-02T16:55:04Z,28,en,en,none,"Samsung U7900F,tech steve,samsung u7900f review,samsung u7900f 55 inch,samsung u7900f 55 inch review,samsung u7900f tv,samsung u7900f 55,samsung u7900f 2025,samsung u7900f 75,samsung u7900f 65,samsung u7900f reveiw,samsung u7900f 55 inch reveiw,samsung u7900f,samsung tv,tech steve samsung,samsung crystal uhd,crystal processor 4k",https://i.ytimg.com/vi/nImBWUvxU1I/default.jpg,https://i.ytimg.com/vi/nImBWUvxU1I/mqdefault.jpg,https://i.ytimg.com/vi/nImBWUvxU1I/hqdefault.jpg,https://i.ytimg.com/vi/nImBWUvxU1I/sddefault.jpg,https://i.ytimg.com/vi/nImBWUvxU1I/maxresdefault.jpg,6358,157,0,0,24,1092,PT18M12S,2d,hd,false,True,{},rectangular,False,processed,public,creativeCommon,True,True,False,False,,,https://en.wikipedia.org/wiki/Technology,,32.7157402038574,-117.1610794067383,0,218000,1033,69162157,"Hello everyone, and welcome to The Tech Steve Channel! Here, I share my passion for technology—from televisions and audio, to the latest gadgets shaping the consumer market. Over the years, I’ve worked across industries, from wireless and electronic sales to IT and computer building, always driven b",US,@techsteve,2013-11-18T22:01:27Z
Jfgi3X5jBY0,samsung tv,US,relevance,2025-10-12T10:53:10.440299,9 Samsung TV Settings Tips And Tricks For The Ultimate Experience,"On this video, I'm going to show you nine of my favorite features on a Samsung TV. The reason I say premium tv is because all of these options are not available on every Samsung TV. These features will enhance your 4k tv viewing experience and makes your tv a smart tv.  Samsung S95F 83"" https://geni.us/804H Samsung S95F 77"" https://geni.us/AXQvoJK Samsung S95F 65"" https://geni.us/5P0TQUy ""USED ON VIDEO"" Samsung S95F 55"" https://geni.us/0GgF  🔹 Join My Community https://geni.us/KZ0yXs8 🔹 Steve Merch https://geni.us/PuwI6C 🔹 Camera Gear I Use:  https://geni.us/FCGtGM 🔹Social Media https://geni.us/yBwF  🔉🔉🔉 Listen To Podcast On 🔉🔉🔉  ➡️Apple Podcast https://geni.us/NaZPyL7 ➡️iHeart Radio https://geni.us/6ZXAni ➡️Deezer https://geni.us/oRCki ➡️Spotify https://geni.us/cT5tv ➡️Amazon Music https://geni.us/B3AgaJK  Subscribe Tech Steve YouTube Channel https://geni.us/TWuA8F  Support The Creator 🏪Amazon Store https://www.amazon.com/shop/techsteve 💵Buy Me A Coffee https://geni.us/oI3KX 💵Donate Via Paypal https://geni.us/qmLi  👍🏽 Subscribe, Why not it’s FREE! https://geni.us/TWuA8F  ➡️ DISCLAIMER: This video and description contains affiliate links, The channel gets a small commission for purchases made via these links.  This helps the channel purchase more products for reviews and allow me to create better content for your viewing.  Chapters 00:00 Introduction 00:24 INITIAL SETUP WITH REMOTE 03:01 HOW TO FACTORY RESET TV 03:25 INITIAL SETUP WITH SMARTTHINGS MOBILE APP 05:12 AMBIENT MODE, DAILY+, SMARTTHINGS, DEX 08:31 BUILT-IN STREAMING GAMING APPS 10:54 HOME SCREEN AND CUSTOMIZE APPS 12:33 SMARTTHING APP CALIBRATION 13:42 HOW TO STOP AUTOMATIC FEATURES 14:26 HOW TO SET UP AMAZON ALEXA 16:33 HOW TO USE MULTI VIEW",UCmHO0Rw7nBFK2233om_vyWA,Tech Steve,2025-09-19T20:26:45Z,28,en,en,none,"Samsung TV Tips,9 Cool Things You Didn't Know Your Samsung,samsung tv tips and tricks,samsung smart tv,samsung tv,samsing s95f,samsung s95f,samsung s95f review,samsung s95f oled,samsung oled,samsung s95f gaming,samsung oled tv,samsung tv guide,samsung tv tips and tricks 2024,samsung tv guide 2025,samsung frame tv tips,samsung tv tips adn tricks,samsung tv remote tips,samsung tv picture settings,s95f samsung,samsung tv settings",https://i.ytimg.com/vi/Jfgi3X5jBY0/default.jpg,https://i.ytimg.com/vi/Jfgi3X5jBY0/mqdefault.jpg,https://i.ytimg.com/vi/Jfgi3X5jBY0/hqdefault.jpg,https://i.ytimg.com/vi/Jfgi3X5jBY0/sddefault.jpg,https://i.ytimg.com/vi/Jfgi3X5jBY0/maxresdefault.jpg,4084,109,0,0,12,1096,PT18M16S,2d,hd,false,True,{},rectangular,False,processed,public,creativeCommon,True,True,False,False,,,https://en.wikipedia.org/wiki/Technology,,32.7157402038574,-117.1610794067383,0,218000,1033,69162157,"Hello everyone, and welcome to The Tech Steve Channel! Here, I share my passion for technology—from televisions and audio, to the latest gadgets shaping the consumer market. Over the years, I’ve worked across industries, from wireless and electronic sales to IT and computer building, always driven b",US,@techsteve,2013-11-18T22:01:27Z
qNn1SLTjA2g,samsung tv,US,relevance,2025-10-12T10:53:10.440299,You bought the wrong TV!,"➡️ Stay connected with an @UbigiOfficial Travel eSIM: https://go.ubigi.com/RG9062 💵 Use promo code JON10 to save 10%!   Shopping for a Samsung TV in 2025 can be confusing, but this guide explains what the letters mean, which models are better for bright rooms or gaming, and why clearance 2024 sets like the Q80D and QN95D are often a better choice. So, here's your Samsung lineup cheat sheet for 2025!  📢 Check out The Viewing Angle - https://www.youtube.com/channel/UCEZkzP56Hp79jBA2B2j_-Xw  📺 TVs Featured Samsung QN90F https://amzn.to/3Wa8S8E Samsung S95F https://amzn.to/3Is70VN Samsung QN990F https://amzn.to/4pFBXGD Samsung U8000F https://amzn.to/4pOgLyr Samsung Q7F https://amzn.to/4pHwEqe Samsung Q8F https://amzn.to/3Wesg4l Samsung Q80D (2024) https://amzn.to/42JtOXJ Samsung QN95D (2024) https://www.bestbuy.com/product/samsung-qn95d-qn75qn95daf-75-inches-4k-smart-led-tv-titan-black-graphite-black-2024-uhd-3840-x-2160-resolution-high-d/J3ZYG2H4FK/sku/10772937?ref=212&loc=marketplace Samsung QN900F https://amzn.to/4pFCcS3 Samsung S95D (2024) https://amzn.to/3IHWABk Samsung S90F https://amzn.to/4mGwtc1 Samsung S85F https://amzn.to/4nSIPPf Samsung The Frame Pro https://amzn.to/4gKEco4  🎥 GEAR: https://kit.co/JonRettinger/youtube-gear-2020 🎵 My music comes from Musicbed; check them out: http://share.mscbd.fm/jonrettinger  👋 Follow me! Instagram: https://www.instagram.com/jonrettinger/ X: https://twitter.com/Jon4Lakers Facebook: https://www.facebook.com/JonRettingerYT/ Website: https://www.jon4lakers.tech",UCR0AnNR7sViH3TWMJl5jyxw,Jon Rettinger,2025-09-25T23:06:29Z,28,en,en,none,"jon rettinger,jon4lakers,technobuffalo,samsung 2025 tv lineup,best samsung tv 2025,samsung tv buying guide,samsung qn90f,samsung qn95d,qn90f vs qn95d,samsung s95f,s95d vs s95f,samsung qn990f,samsung qn900f,samsung q8f,samsung u8000f,samsung q80d,samsung frame pro,samsung oled vs qled,qd oled,neo qled,mini led tv,best tv for ps5,gaming tv 120hz,bright room tv,8k tv vs 4k,should you buy 8k,best 4k tv 2025,which samsung tv to buy",https://i.ytimg.com/vi/qNn1SLTjA2g/default.jpg,https://i.ytimg.com/vi/qNn1SLTjA2g/mqdefault.jpg,https://i.ytimg.com/vi/qNn1SLTjA2g/hqdefault.jpg,https://i.ytimg.com/vi/qNn1SLTjA2g/sddefault.jpg,https://i.ytimg.com/vi/qNn1SLTjA2g/maxresdefault.jpg,498246,789,0,0,41,804,PT13M24S,2d,hd,false,True,{},rectangular,False,processed,public,youtube,True,True,False,False,,,"https://en.wikipedia.org/wiki/Lifestyle_(sociology),https://en.wikipedia.org/wiki/Technology",,,,,1650000,5057,717125615,"Welcome to the video home of Jon Rettinger, formerly of TechnoBuffalo.   This channel is a forum for all things electronic. It's an open forum, so feel free to speak your mind.  NOTE: All company e-mails will come from the below address. Any communication from another address is fraudulent. Email: j",US,@jon4lakers,2007-06-08T00:48:45Z
ugpcp1Dt8Dk,samsung tv,US,relevance,2025-10-12T10:53:10.440299,How to install google play store app on Samsung Smart TV,How to get google play store on Samsung tv Tizen. How to install 3rd party apps on samsung smart tv. How to install google play store on smart tv. How to enable google play services on smart tv   ************************************************************************************ If you are really interested in my video please follow me on YouTube and Facebook …………………………………………………………………………………………………. Subscribe to my channel: https://www.youtube.com/channel/UC_J9mmyih3YF-sKXK1fwyFQ  FACEBOOK GROUP: https://web.facebook.com/groups/411530109484518   FACEBOOK PAGE: https://web.facebook.com/itmagicsbd …………………………………………………………………………………………………..  Background music: https://studio.youtube.com/channel/UC_J9mmyih3YF-sKXK1fwyFQ/music,UCDqoeeWJSingko0Vky3Upuw,IT Magics,2025-09-17T04:30:04Z,26,en,en,none,"it magics,how to,how to enable google play services on smart tv,how to install google play store on smart tv,how to install 3rd party apps on samsung smart tv,how to get google play store on samsung tv tizen,How to install google play store app on Samsung Smart TV",https://i.ytimg.com/vi/ugpcp1Dt8Dk/default.jpg,https://i.ytimg.com/vi/ugpcp1Dt8Dk/mqdefault.jpg,https://i.ytimg.com/vi/ugpcp1Dt8Dk/hqdefault.jpg,https://i.ytimg.com/vi/ugpcp1Dt8Dk/sddefault.jpg,https://i.ytimg.com/vi/ugpcp1Dt8Dk/maxresdefault.jpg,8557,20,0,0,6,115,PT1M55S,2d,hd,false,True,{},rectangular,False,processed,public,youtube,True,True,False,False,,,"https://en.wikipedia.org/wiki/Lifestyle_(sociology),https://en.wikipedia.org/wiki/Technology",2025-09-16T00:00:00Z,,,,278000,1601,150972635,"👋 Hi friends! In this video, I shared a little about the problems I faced in my personal life and how I solved them. Just like that, I also love helping people fix their software and hardware issues in simple and easy ways.  💻 If you want your technical problems solved faster, don’t forget to subscr",IN,@itmagics,2013-04-19T12:00:25Z
YMk7ogzBGtQ,samsung tv,US,relevance,2025-10-12T10:53:10.440299,Samsung's Stunning Zero-Bezel TV!,"Imagine watching TV with no borders, no frame - just pure screen! Samsung's Zero-Bezel TV makes the frame disappear, giving you an immersive viewing experience like never before. This is the future of home entertainment!  #Samsung #ZeroBezel #TVInnovation #Tech #Gadget #HomeTheater #SmartTV #FutureTech #fawcat #Innovation",UCapE4L03TGAHyj9pEsXvHVw,Fawcat,2025-08-09T15:00:54Z,22,en-US,en-US,none,,https://i.ytimg.com/vi/YMk7ogzBGtQ/default.jpg,https://i.ytimg.com/vi/YMk7ogzBGtQ/mqdefault.jpg,https://i.ytimg.com/vi/YMk7ogzBGtQ/hqdefault.jpg,https://i.ytimg.com/vi/YMk7ogzBGtQ/sddefault.jpg,https://i.ytimg.com/vi/YMk7ogzBGtQ/maxresdefault.jpg,43987,511,0,0,3,12,PT12S,2d,hd,false,True,{},rectangular,False,processed,public,youtube,True,True,False,False,,,https://en.wikipedia.org/wiki/Technology,,,,,97600,783,129021613,This channel explains about unique information and unique facts from all over the world.,,@fawcat,2024-11-20T08:10:40.776696Z
pUy6onCKifQ,samsung tv,US,relevance,2025-10-12T10:53:10.440299,In-built Superb Fetures In Samsung S90F OLED Slimmest Oled In The World,,UC0gRmW1m7s0dI6DHtXuIO5A,Harsh Digital World  1.M,2025-10-10T03:48:03Z,22,en,hi,none,,https://i.ytimg.com/vi/pUy6onCKifQ/default.jpg,https://i.ytimg.com/vi/pUy6onCKifQ/mqdefault.jpg,https://i.ytimg.com/vi/pUy6onCKifQ/hqdefault.jpg,https://i.ytimg.com/vi/pUy6onCKifQ/sddefault.jpg,https://i.ytimg.com/vi/pUy6onCKifQ/maxresdefault.jpg,813,12,0,0,0,40,PT40S,2d,hd,false,False,{},rectangular,False,processed,public,youtube,True,True,False,False,,,https://en.wikipedia.org/wiki/Technology,,,,,4290,77,1159623,Welcome.          Apna Pyaar And Support Banai Rakhna Dosto Hame Is Channel Ko Bhout Dur Le Kar Jana Hai     सीढ़ियाँ उन्हे मुबाराक जिन्हें छत पर जाना हो… मेरी मंज़िल तो आसमाँ है..मुझे रास्ता खुद  बनाने दो –  Keep Love And Support Frends Do Subscribe And Join Harsh In 2 U Family 🥰  Channel Birthday ,IN,@harshin2u,2018-02-16T18:06:19Z
MADIDOFE4Ik,samsung tv,US,relevance,2025-10-12T10:53:10.440299,Samsung UHD TV Vs Samsung QLED TV 🔥,"#SamsungUHDVsQLED, #QLEDTV, #UHDTV, #SamsungTV, #4KTV, #QLEDVsUHD, #BestTV2025, #TVComparison, #SamsungCrystalUHD, #QuantumDot, #TVReview, #TechReview, #SmartTV, #HomeTheater, #GamingTV",UCxQQblsU34uzb0qS54QGSzA,Cars 2 Explore,2025-10-11T15:00:40Z,22,en,en,none,"SamsungUHD,SamsungQLED,QLEDvsUHD,4KTV,Best4KTV,SamsungTV,SmartTV,TVComparison,TechReview,SamsungCrystalUHD,QuantumDot,DisplayTechnology,TVBuyingGuide,GamingTV,HomeTheater,TizenOS,QLED,UHD,Samsung2025,NeoQLED,QLEDTV,CrystalUHD,SamsungIndia,Tech,Review",https://i.ytimg.com/vi/MADIDOFE4Ik/default.jpg,https://i.ytimg.com/vi/MADIDOFE4Ik/mqdefault.jpg,https://i.ytimg.com/vi/MADIDOFE4Ik/hqdefault.jpg,https://i.ytimg.com/vi/MADIDOFE4Ik/sddefault.jpg,https://i.ytimg.com/vi/MADIDOFE4Ik/maxresdefault.jpg,827,5,0,0,1,14,PT14S,2d,hd,false,True,{},rectangular,False,processed,public,youtube,True,True,False,False,,,https://en.wikipedia.org/wiki/Technology,,,,,138000,1954,72386353,"Hello friends,  WELCOME to ""CARS2EXPLORE"", On this channel you'll get videos of Cars and some V-logs. Please SUBSCRIBE to Cars 2 Explore, Thanks for visiting my channel keep supporting, loving & exploring. Thank you so much.",IN,@cars2explore,2013-04-04T06:24:03Z
JoJoiyuTHbs,samsung tv,US,relevance,2025-10-12T10:53:10.440299,"98"" Samsung TV Installation Mounting & Screen Peel!","In this video, we’re unboxing and installing a massive 98-inch Samsung TV in an office space! 🎉 Watch as the Simply AV team carefully unbox this stunning display and mount it securely on the wall for the perfect professional setup.  Whether you’re upgrading your meeting room, creating a wow factor for clients, or just curious about how a screen this big gets installed, this video will take you through the full process step by step.  At SimplyAV.co.uk, we specialize in professional AV solutions - from TVs and projectors to complete office installations. If you’re considering a similar upgrade, get in touch with us today.  👉 Don’t forget to like, comment, and subscribe for more tech installations, unboxings, and reviews!  Join this channel to get access to perks: https://www.youtube.com/channel/UC8BSZ6Kq4LIN9RZQ7QM-8tQ/join",UC8BSZ6Kq4LIN9RZQ7QM-8tQ,Simply AV,2025-09-20T08:31:00Z,26,en,zxx,none,"QLED,OLED,Neo QLED,OLED TV,Qled TV,Samsung,Samsung TV,Home Cinema,Projector,Home Audio,Simply AV,#Samsung,#SamsungGalaxy,#SamsungLife,#SamsungLovers,#SamsungAddict,#SamsungFans,#SamsungElectronics,#SamsungCommunity,#SamsungStyle,#SamsungVibes,#SamsungWorld,#SamsungUnboxing,#SamsungDaily,#SamsungExperience,#SamsungFamily,#SamsungInnovation,#SamsungTech,#SamsungSmartTV,#SamsungUpgrade,#SamsungLove,#SamsungPassion,#SamsungCrew,#SamsungHub,#SamsungDevices",https://i.ytimg.com/vi/JoJoiyuTHbs/default.jpg,https://i.ytimg.com/vi/JoJoiyuTHbs/mqdefault.jpg,https://i.ytimg.com/vi/JoJoiyuTHbs/hqdefault.jpg,https://i.ytimg.com/vi/JoJoiyuTHbs/sddefault.jpg,https://i.ytimg.com/vi/JoJoiyuTHbs/maxresdefault.jpg,1317,27,0,0,0,30,PT30S,2d,hd,false,True,{},rectangular,False,processed,public,youtube,True,True,False,False,,,https://en.wikipedia.org/wiki/Technology,2025-09-19T00:00:00Z,51.5072178,-0.1275862,0,123000,689,135612463,"Website: www.simplyav.co.uk  WhatsApp or Call: 07780350222  Email: sales@simplyav.co.uk  From consultation to installation, we take care of everything. Subscribe for expert advice, inspiration, and behind-the-scenes content.",GB,@16ktv,2014-11-14T21:39:28Z
VvI0TtwsqX0,samsung tv,US,relevance,2025-10-12T10:53:10.440299,Samsung’s Wireless Frame Pro TV Is a Disaster (And I’m Stuck With It),"Samsung's new $2,200 Wireless Frame Pro TV is AWFUL! Watch it implode under latency, bugs, and edge‑lit lies. Save on the Rhinoshield AirX at checkout using code ""SNAZZYLABS"" - https://url.rhinoshield.io/SNAZZYLABS Follow Snazzy Labs on Twitter - https://twitter.com/snazzylabs   Follow me on Bluesky - https://snazzy.fm/UW Follow me on Threads - https://snazzy.fm/XV Follow me on Mastodon - https://snazzy.fm/NN Follow me on Instagram - https://instagram.com/snazzyq  In this Samsung Frame Pro review, I explain why the $2,200 “wireless” TV is a disaster: the Wireless One Connect box causes latency, stutters, and constant disconnects, the micro‑HDMI 2.1 port lacks eARC/ARC for soundbars, Wi‑Fi 7/6GHz interference breaks stability, and HDMI‑CEC mangles Art Mode power behavior. Despite the matte panel and convincing Art Mode, the edge‑lit “Neo QLED powered by mini‑LED” display delivers poor contrast, vertical banding, smeary night scenes, and unhinged default picture settings—with no Dolby Vision. Software is painfully slow (TV Plus bloat), setup is infuriating (mounting/stud issues, cable routing), and even Samsung’s S801D soundbar drops audio over Wi‑Fi, forcing a lower‑quality Bluetooth fallback. If you want a main TV, buy an OLED; for an art TV, cheaper Hisense/TCL models are better. Bottom line: Samsung Frame Pro looks like wall art, but as a wireless TV it’s laggy, unreliable, and wildly overpriced.  0:00 - This is the worst TV I've ever owned 0:29 - What's the point of ""Frame""-style TVs? 2:39 - How Is It Wireless? 4:15 - Installation HELL 6:45 - eARC sound bar support is ABYSMAL 8:41 - Wireless TV? Wireless sound bar! (it's bad) 10:28 - WiFi 7 will absolutely jack up this TV 11:30 - Software is laughably bad—I've never used a worse TV 16:15 - Hardware is also bad: Apple TV issues, latency, stutter 18:42 - Samsung literally false advertised mini LED—picture quality stinks 21:27 - But this TV is about ART—so how is it?? 23:22 - ""Pro"" this TV is not—especially at night 24:04 - Do not buy this TV—it's garbage",UCO2x-p9gg9TLKneXlibGR7w,Snazzy Labs,2025-09-01T22:04:27Z,28,en,en,none,"snazzy labs,quinn nelson,snazzyq,samsung,tcl,hisense,hisense canvas,frame tv,frame vs canvas,art tv,art mode,best tv,worst tv,sony,oled,oled vs lcd,led,tv 2025,gallery tv",https://i.ytimg.com/vi/VvI0TtwsqX0/default.jpg,https://i.ytimg.com/vi/VvI0TtwsqX0/mqdefault.jpg,https://i.ytimg.com/vi/VvI0TtwsqX0/hqdefault.jpg,https://i.ytimg.com/vi/VvI0TtwsqX0/sddefault.jpg,https://i.ytimg.com/vi/VvI0TtwsqX0/maxresdefault.jpg,667135,21666,0,0,2352,1562,PT26M2S,2d,hd,true,True,{},rectangular,False,processed,public,youtube,True,True,False,False,,,https://en.wikipedia.org/wiki/Technology,,,,,1220000,1213,248972451,"Snazzy Labs delivers rigorous, no‑BS consumer tech. Expect Apple hardware and OS analysis, smart‑home deep dives (Matter, HomeKit, Home Assistant), and real networking/home‑lab builds—Wi‑Fi, routers, switches, servers, NAS, and self‑hosting. We benchmark, teardown, and explain so you can buy smarter",US,@snazzy,2008-12-09T01:30:33Z
xZR3a8P-SCM,samsung tv,US,relevance,2025-10-12T10:53:10.440299,Which Samsung TV Is Best For Under $500? U7900F VS U8000F VS Q7F,"In this video, I compare three different 55 inch Samsung smart tv options that are great if you're looking for a budget tv. I'll help you decide which best 4k tv offers the best value and is the best budget 55 inch tv for your needs. Check out the samsung tv comparison!  All Samsung.com Tv Deals https://geni.us/kK6c8S Samsung U7900F Series https://geni.us/tXYKEW Samsung U8000F Series https://geni.us/EIj3N Samsung Q7F https://geni.us/x1kFcM Orei Splitter Used https://geni.us/eQUG0  ➡️ DISCLAIMER: This video and description contains affiliate links, The channel gets a small commission for purchases made via these links.  This helps the channel purchase more products for reviews and allow me to create better content for your viewing.  🔹 Join My Community https://geni.us/KZ0yXs8 🔹 Steve Merch https://geni.us/PuwI6C 🔹 Camera Gear I Use:  https://geni.us/FCGtGM 🔹Social Media https://geni.us/yBwF  Calman Calibration Solution  https://geni.us/42BchX  🔉🔉🔉 Listen To Podcast On 🔉🔉🔉  ➡️Apple Podcast https://geni.us/NaZPyL7 ➡️iHeart Radio https://geni.us/6ZXAni ➡️Deezer https://geni.us/oRCki ➡️Spotify https://geni.us/cT5tv ➡️Amazon Music https://geni.us/B3AgaJK  Subscribe Tech Steve YouTube Channel https://geni.us/TWuA8F  Support The Creator 🏪Amazon Store https://www.amazon.com/shop/techsteve 💵Buy Me A Coffee https://geni.us/oI3KX 💵Donate Via Paypal https://geni.us/qmLi  ******************************************************************  ""Game Content Usage Rules"" using assets and it is not endorsed ******************************************************************  🎥 Video Chapters:",UCmHO0Rw7nBFK2233om_vyWA,Tech Steve,2025-10-03T20:14:41Z,28,en,en,none,"tech steve,samsung u7000f vs u8000f vs q7f,samsung tv,samsung crystal uhd,samsung u8000f,crystal uhd u8000f,samsung q7f,crystal processor 4k,samsung u8000f crystal uhd tv,samsung u7000f,samsung 8000f,samsung q7f qled,samsung smart tv,tech steve samsung",https://i.ytimg.com/vi/xZR3a8P-SCM/default.jpg,https://i.ytimg.com/vi/xZR3a8P-SCM/mqdefault.jpg,https://i.ytimg.com/vi/xZR3a8P-SCM/hqdefault.jpg,https://i.ytimg.com/vi/xZR3a8P-SCM/sddefault.jpg,https://i.ytimg.com/vi/xZR3a8P-SCM/maxresdefault.jpg,5724,182,0,0,21,846,PT14M6S,2d,hd,false,True,{},rectangular,False,processed,public,creativeCommon,True,True,False,False,,,https://en.wikipedia.org/wiki/Technology,,32.7157402038574,-117.1610794067383,0,218000,1033,69162157,"Hello everyone, and welcome to The Tech Steve Channel! Here, I share my passion for technology—from televisions and audio, to the latest gadgets shaping the consumer market. Over the years, I’ve worked across industries, from wireless and electronic sales to IT and computer building, always driven b",US,@techsteve,2013-11-18T22:01:27Z
ZxzVqMp73qk,samsung tv,US,relevance,2025-10-12T10:53:10.440299,Best TV of 2025 (Shootout): LG G5 vs Samsung S95F vs Sony BRAVIA 8 II vs Panasonic Z95B,"Our 2025 TV shootout between the LG G5 & Panasonic Z95B 4-stack WOLED TVs + Samsung S95F & Sony BRAVIA 8 II QD-OLEDs.  All competing TVs were 55 inches in screen size, and were calibrated in SDR and HDR modes to the common standards used within the film and broadcast industry, perceptually matched to a Sony BVM-HX3110 dual-layer LCD mastering monitor capable of reaching a peak brightness of 4000 nits.  All the TVs were masked, so the 6 video professional & sole enthusiast judges didn't know which TV was which when scoring different picture attributes.  00:00 Intro 00:21 Near-black 00:57 Colours 02:12 HDR 03:38 Motion 04:31 Uniformity 05:02 Video processing 05:52 Bright room 06:14 Out of The Box 06:48 Best Home Cinema TV 07:33 Best Living Room TV 11:23 Best TV of 2025 12:37 Shootout format  The judges were (in alphabetical order by surname):  1. Zeb Chadfield, Founder & Chief Vision Officer at The Finish Line 2. Maciej Koper, Professional Calibrator & Reviewer at Wybierz.tv & Choose.tv 3. Ian Lowe, ex-Dolby Vision Post Production 4. James Meredith, Technical Director & Co-Founder at Netvio 5. Julian Nelson, Head of Post Production & Co-Founder at Residence Pictures 6. Luis Pinhao, Imaging Engineer at Cinelab Ltd 7. Robert Walia, TV enthusiast    The results neither represent the opinions or views of individual judges, nor do they constitute the endorsement of any particular TV brand, since the judges didn’t even know which TV was which throughout the voting process.  Thanks to award-winning UK electrical retailer Crampton & Moore for supplying the TVs & organising the shootout. If you're interested in purchasing a new TV, even if it's not the LG G5, Panasonic Z95B, Samsung S95F or Sony XR80M2, please support this channel by considering buying from Crampton & Moore... call 01423 569249 or email david.conner@cramptonandmoore.co.uk  Thanks to professional AV mounting specialist B-Tech International Group for loaning the BTF841 universal dual-stack floor stands for the shootout. For more information, please visit: https://www.btechavmounts.com/  Thanks to content distribution specialist Netvio for loaning the 8x8 matrix for the shootout. Netvio provide a wide range of high quality, Ultra High Definition HDMI distribution products using several different technologies including Fibre, AV over IP and HDBaseT, with unique AV control apps, control system drivers and software. You can find more information at https://www.netvio.co.uk  Thanks to HDMI 2.1 cable manufacturer Zeskit for supplying all the HDMI cables used at the shootout. More info at https://zeskit.com/  ======================== **Click Below to SUBSCRIBE for More Reviews, Sneak Peeks & Tips: https://www.youtube.com/channel/UCcCYOO2uYPnG-21WDOWdwew?sub_confirmation=1 ========================  VISIT HDTV Test http://www.hdtvtest.co.uk/  FOLLOW US! https://bsky.app/profile/hdtvtest.bsky.social https://www.threads.net/@hdtvtest https://www.tiktok.com/@hdtvtest https://www.instagram.com/hdtvtest https://twitter.com/vincent_teoh https://www.patreon.com/hdtvtest",UCcCYOO2uYPnG-21WDOWdwew,HDTVTest,2025-10-03T21:08:32Z,28,en,en,none,,https://i.ytimg.com/vi/ZxzVqMp73qk/default.jpg,https://i.ytimg.com/vi/ZxzVqMp73qk/mqdefault.jpg,https://i.ytimg.com/vi/ZxzVqMp73qk/hqdefault.jpg,https://i.ytimg.com/vi/ZxzVqMp73qk/sddefault.jpg,https://i.ytimg.com/vi/ZxzVqMp73qk/maxresdefault.jpg,89447,3526,0,0,788,935,PT15M35S,2d,hd,false,True,{},rectangular,False,processed,public,youtube,True,True,False,False,,,https://en.wikipedia.org/wiki/Technology,,,,,599000,961,165823341,"Youtube's leading voice on TV technology, with many videos getting at least 20000 views, 1000 likes & tons of comments. ",GB,@hdtvtest,2007-03-02T19:38:24Z
RgR0HZcKRpM,samsung tv,US,relevance,2025-10-12T10:53:10.440299,2025 S95F: Full Feature Video | Samsung,"Enrich your experience with Samsung Vision AI. Powered by the NQ4 AI Gen3 Processor, the S95F boasts a Glare Free screen with OLED HDR Pro, for unrivalled immersion. Experience Ultimate Gaming Pack with S95F now! 🕹️  For more information, visit http://smsng.co/tvs  #2025NewAITV #VisionAI #4KTV #S95F #OLED #SamsungTV #AITV",UCWwgaK7x0_FR1goeSRazfsQ,Samsung,2025-09-11T01:03:32Z,28,en,en,none,,https://i.ytimg.com/vi/RgR0HZcKRpM/default.jpg,https://i.ytimg.com/vi/RgR0HZcKRpM/mqdefault.jpg,https://i.ytimg.com/vi/RgR0HZcKRpM/hqdefault.jpg,https://i.ytimg.com/vi/RgR0HZcKRpM/sddefault.jpg,https://i.ytimg.com/vi/RgR0HZcKRpM/maxresdefault.jpg,83377,2340,0,0,142,289,PT4M49S,2d,hd,false,False,{},rectangular,False,processed,public,youtube,True,True,False,False,,,"https://en.wikipedia.org/wiki/Technology,https://en.wikipedia.org/wiki/Video_game_culture",,,,,7460000,2351,2916266607,"Welcome to the official Samsung global channel, a place to discover the latest Samsung brand stories, events, innovative technologies, apps & services, B2B solutions, and developer community.   Samsung inspires the world and shapes the future with transformative ideas and technologies. The company i",KR,@samsung,2006-03-11T06:57:39Z
Je3R27Y096E,samsung tv,US,relevance,2025-10-12T10:53:10.440299,Biggest to Smallest! - 2025 Samsung TVs,All TVs - https://howl.link/61y7n36tyalgd  Small TVs 32” F6000F - https://howl.link/2vjiui4kp0zw5  32” H5000F - https://howl.link/u9pp8ye95t2ku  50” U8000F - https://howl.link/mn79mgjejozwu   OLED TVs 65” S95F - https://howl.link/od65p0tf9hdqi  77” S90F - https://howl.link/6at4ey6bivhvm  77” S84F - https://howl.link/5qu0y80co0f7i  65” S90D - https://howl.link/sg9jailswx30v  77” S95D - https://howl.link/pz6oourbsy5z0   Soundbars HW-S800D Soundbar - https://howl.link/f1ji6bjw7uj1x  HW-Q990F Soundbar - https://howl.link/zgj885sgs3h6k   QLED TVs 75” QN90F - https://howl.link/oxxf85wlaolc3  75” QN80F - https://howl.link/lu9hpfulmi7fb  75” QN70F - https://howl.link/mo457o7993yoj  85” U8000F - https://howl.link/im5leog1xi1zb   Big TVs 98” QN90F - https://howl.link/xyhvtjhj7xzjc  100” QN80F - https://howl.link/nj19idun4griw  98” QN990F - https://howl.link/puiv1ygl9zf67   Crazy Big TVs 115” Micro RGB - https://howl.link/rceg327dsze69  115” QN90F - https://howl.link/eajqiz27w74ve   Phones Galaxy Z Fold 7 - https://howl.link/326q1isglpysy  Galaxy S25 Ultra - https://howl.link/zwhild43lk8wr   #howldotlink #ad,UC6AJUYrb8hqhHCSVtjelI0w,B The Installer,2025-10-11T15:29:00Z,28,en,en-US,none,,https://i.ytimg.com/vi/Je3R27Y096E/default.jpg,https://i.ytimg.com/vi/Je3R27Y096E/mqdefault.jpg,https://i.ytimg.com/vi/Je3R27Y096E/hqdefault.jpg,https://i.ytimg.com/vi/Je3R27Y096E/sddefault.jpg,https://i.ytimg.com/vi/Je3R27Y096E/maxresdefault.jpg,3014,210,0,0,8,716,PT11M56S,2d,hd,false,True,{},rectangular,False,processed,public,youtube,True,True,False,False,,,"https://en.wikipedia.org/wiki/Lifestyle_(sociology),https://en.wikipedia.org/wiki/Technology",,,,,264000,403,94614596,B the installer is a channel dedicated to TVs and smart tech from an everyday use and practical perspective...  I do reviews and Installations of the best TVs and smart tech.  Subscribe and join the community and the journey. ,US,@btheinstaller,2007-03-09T06:41:58Z
K51t0Ve-VkA,samsung tv,US,relevance,2025-10-12T10:53:10.440299,Would you get this TV for your living room setup? 🤔,"The Samsung Frame TV is a great example of a product with great form factor and functionality. I was actually surprised how much this TV has grown on me since we've bought it. It looks great in our living room but also packed with features that make it easy to use in any scenario. We can easily stream media from our devices straight to the TV, play games using Samsung Gaming Hub, and when we aren't actively using it, we can turn on art mode to make the TV the perfect centerpiece for decor (It still has the ability to turn fully off).  If you want to learn more, click the link in my bio to check out Samsung's deals! #ad #tv #samsung #tech #howldotlink",UCcxPrkNMjUIpVoW9Vkm0uyg,GG_Sheed,2025-10-07T16:22:24Z,28,en,en-US,none,,https://i.ytimg.com/vi/K51t0Ve-VkA/default.jpg,https://i.ytimg.com/vi/K51t0Ve-VkA/mqdefault.jpg,https://i.ytimg.com/vi/K51t0Ve-VkA/hqdefault.jpg,https://i.ytimg.com/vi/K51t0Ve-VkA/sddefault.jpg,https://i.ytimg.com/vi/K51t0Ve-VkA/maxresdefault.jpg,24558,999,0,0,30,59,PT59S,2d,hd,false,True,{},rectangular,False,processed,public,youtube,True,True,False,False,,,"https://en.wikipedia.org/wiki/Lifestyle_(sociology),https://en.wikipedia.org/wiki/Technology",,,,,265000,200,78084043,"My name is Rashid but I go by Sheed! Sharing/Reviewing cool tech and explaining things in a simple, clear manner. Sometimes I talk to myself in skits 😅   ",US,@gg_sheed,2023-10-03T03:17:43.429495Z
obJToKcbvBo,samsung tv,US,relevance,2025-10-12T10:53:10.440299,Samsung TV Volume Not Working? Easy Fix in 2 Minutes! #samsung #tv #tech,,UCTVIPLc17qcdQV6QhU8oNzA,Alex Torres,2025-07-30T21:10:09Z,28,en,en,none,,https://i.ytimg.com/vi/obJToKcbvBo/default.jpg,https://i.ytimg.com/vi/obJToKcbvBo/mqdefault.jpg,https://i.ytimg.com/vi/obJToKcbvBo/hqdefault.jpg,https://i.ytimg.com/vi/obJToKcbvBo/sddefault.jpg,https://i.ytimg.com/vi/obJToKcbvBo/maxresdefault.jpg,19766,287,0,0,60,54,PT54S,2d,hd,false,True,{},rectangular,False,processed,public,youtube,True,True,False,False,,,https://en.wikipedia.org/wiki/Technology,,,,,6020,324,1754308,"Welcome to My Channel! Hi there! I'm Alex, and this channel is your go-to destination for everything tech. From reviews and tutorials to the latest gadget updates, I’m here to help you make smarter choices, learn new skills, and stay ahead in the world of technology. 💻 What You’ll Find Here: - Step-",US,@alextorres3282,2018-06-04T16:19:02Z
UEnrJafHrCY,samsung tv,US,relevance,2025-10-12T10:53:10.440299,2025 QN80F: Full Feature Video | Samsung,"Upscale your experience with Samsung Vision AI.    Unlock new thrills and spills with the 100” QN80F, with 4K AI Upscaling and a stunning Quantum Mini LED display. Powered by NQ4 AI Gen2 processing, with rich Dolby Atmos sound, get the most out of your favourite shows, movies, sports, and more. 🍿🎶   For more information, visit http://smsng.co/tvs    #2025NewAITV #VisionAI #4KTV #QN80F #NeoQLED #SamsungAI #SamsungTV #AITV #Samsung",UChO7xlACgCNpOOIA3Wk6MVQ,Samsung Australia,2025-10-09T02:13:28Z,28,en,en-GB,none,,https://i.ytimg.com/vi/UEnrJafHrCY/default.jpg,https://i.ytimg.com/vi/UEnrJafHrCY/mqdefault.jpg,https://i.ytimg.com/vi/UEnrJafHrCY/hqdefault.jpg,,,224,2,0,0,0,226,PT3M46S,2d,hd,false,True,{},rectangular,False,processed,public,youtube,True,True,False,False,,,https://en.wikipedia.org/wiki/Technology,,,,,118000,1766,60230378,"Welcome to the official channel of Samsung Australia, where you can find the latest videos about our company and products. Subscribe to our channel so you will be the first to see Samsung product news, releases and promotions.",AU,@samsungaustralia,2010-03-24T23:25:14Z
gdriFKO8Ye8,samsung tv,US,relevance,2025-10-12T10:53:10.440299,"Samsung 55"" Crystal 4k UHD ismart TV| UA55UE84AFULXL | #rahulkhurana #samsungtv #4ktv",#rahulkhurana #samsung #4ktv #uhd #smarttv  #samsungtv  Led 55 inch Samsung  Samsung 55inch smart tv  Best Led tv 2025  Best 55 inch smart tv 2025  Best Led tv 📺 2025 under budget  Penasonic 55 inch smart Tv  Haier 55 ich smart tv 2025 #rahulkhurana #samsungtv #bestledtv #55inch #shortsfeed #viralgrowth,UCJ57ypzKvVWlYsmUgJ_p9aw,Rahul Khurana,2025-09-27T18:42:28Z,24,en-IN,hi,none,"Led 55 inch Samsung,Samsung 55inch smart tv,Best Led tv 2025,Best 55 inch smart tv 2025,Best Led tv 📺 2025 under budget,Penasonic 55 inch smart Tv,Haier 55 ich smart tv 2025",https://i.ytimg.com/vi/gdriFKO8Ye8/default.jpg,https://i.ytimg.com/vi/gdriFKO8Ye8/mqdefault.jpg,https://i.ytimg.com/vi/gdriFKO8Ye8/hqdefault.jpg,https://i.ytimg.com/vi/gdriFKO8Ye8/sddefault.jpg,https://i.ytimg.com/vi/gdriFKO8Ye8/maxresdefault.jpg,53322,0,0,0,27,25,PT25S,2d,hd,false,True,{},rectangular,False,processed,public,youtube,True,True,False,False,,,"https://en.wikipedia.org/wiki/Lifestyle_(sociology),https://en.wikipedia.org/wiki/Technology",,,,,7690,294,4337900,"Namaste🙏...    Welcome to my channel, my name is Rahul Khurana and this channel is your  destination for electronic appliance unboxings, in-depth testing, and practical tips and tricks. We bring you honest reviews and hands-on insights to help you make informed decisions. Whether you’re shopping for",IN,@rahulkhurana2,2024-03-05T06:16:50.741922Z
fE3Goap-Q1I,samsung tv,KR,relevance,2025-10-12T10:53:11.104355,Best Samsung TVs 2025  [don’t buy one before watching this],"#SamsungTVs #TechReview #HomeEntertainment #SmartTV #QLED  All Samsung Products - 5% OFF at https://geni.us/JSuojH  ► Links to the Best Samsung TVs   Chapters 01:01    ► 6. Samsung S95F OLED  https://geni.us/zG7YBc 02:49    ► 5. Samsung QN65S95D   https://geni.us/QOfGbUr 04:47    ► 4. Samsung S90F OLED  https://geni.us/lje9q 06:26    ► 3. Samsung S85F OLED   https://geni.us/9iDJMc 08:05    ► 2. Samsung Q60D      https://geni.us/Knpa 10:01    ► 1. Samsung Q80D       https://geni.us/25CYLdg  In this comprehensive guide, we’ll delve into the top models that Samsung has to offer, including their stunning QLED options and cutting-edge Neo QLED technology. Whether you're a movie buff, a gaming enthusiast, or simply looking for a sleek addition to your living room, we’ve got you covered! 🛋️🎮  🎁 Get your FREE 30-day trial of Amazon Prime,  👉  Free Shipping! / Unlimited streaming / Daily Deals     👉  https://amzn.to/4fuDpHl  Subscribe for more content (IT'S FREE): https://www.youtube.com/c/LegitPick?sub_confirmation=1  It would make my day if you could also follow me on: 😊 Facebook: https://www.facebook.com/LegitPick​ 🌈 Instagram: http://instagram.com/LegitPick​​ 🐦 Twitter: http://twitter.com/LegitPick​​  ►Disclaimer◄ Some of the footage used in this video is not original content produced by LegitPick. Portions of stock footage of products were gathered from multiple sources including, manufactures, fellow creators, and various other sources. If something belongs to you, and you want it to be removed, please do not hesitate to contact us at thelegitpick[at]gmail.com  LegitPick is a participant in the Amazon Services LLC Associates Program, an affiliate advertising program designed to provide a means for sites to earn advertising fees by advertising and linking to Amazon.com. As an Amazon Associate, I earn from qualifying purchases.  Thanks a lot for watching, if you are any questions feel free to ask in the comments.",UCiMf_b_9J-w-sQSlj7HyCJw,Legit Pick,2025-07-25T14:01:10Z,28,en-US,en-US,none,,https://i.ytimg.com/vi/fE3Goap-Q1I/default.jpg,https://i.ytimg.com/vi/fE3Goap-Q1I/mqdefault.jpg,https://i.ytimg.com/vi/fE3Goap-Q1I/hqdefault.jpg,https://i.ytimg.com/vi/fE3Goap-Q1I/sddefault.jpg,https://i.ytimg.com/vi/fE3Goap-Q1I/maxresdefault.jpg,9153,56,0,0,4,760,PT12M40S,2d,hd,false,True,{},rectangular,False,processed,public,youtube,True,True,False,False,,,https://en.wikipedia.org/wiki/Technology,,,,,37800,785,21351033," If you are like us, then you understand how important it is to find the perfect products, This is the reason we created this channel, just as the name suggests, you don't need to buy anything without know if it's worth your money or not.  Legit Pick helps you find the Top 5 Reviews in every niche l",US,@legitpick,2021-03-16T14:26:15.280744Z
eIlPjFBJWCE,samsung tv,KR,relevance,2025-10-12T10:53:11.104355,How to FIX Samsung TV Not Working – Quick Soft Reset,"How to FIX Samsung TV Not Working – Quick Soft Reset  If your Samsung TV isn’t responding or apps are stuck, try this quick soft reset: Hold the power button until it turns off and the Samsung logo appears. Then let go — that’s a soft reset, and it usually fixes most issues instantly.  💡 Why it works: ✔ Forces a full reboot, clearing minor glitches   ✔ Works without needing the remote or unplugging   ✔ Fast, zero‑cost, and effective  Let me know if that worked for you in the comments — feedback shapes future tech tips!  For more quick tech tips, hit sub.  #SamsungTV #TVFix #SoftReset #QuickFix #SmartTVHelp #TechTips #TVTroubleshooting #SamsungHelp",UCYbAyGpIEXafhJlRAAZ-VsQ,TechInsomnia,2025-08-02T13:01:17Z,27,en-CA,en-CA,none,"how to fix samsung tv not working,samsung tv soft reset,samsung tv fix,samsung tv reset,tv not working fix,soft reset samsung,samsung smart tv troubleshooting,samsung tv glitches fix,fast soft reset,samsung tv hack,tech tips,tv quick fix,samsung tv tips,fix samsung problems,samsung tv screen frozen,smart tv tutorial",https://i.ytimg.com/vi/eIlPjFBJWCE/default.jpg,https://i.ytimg.com/vi/eIlPjFBJWCE/mqdefault.jpg,https://i.ytimg.com/vi/eIlPjFBJWCE/hqdefault.jpg,https://i.ytimg.com/vi/eIlPjFBJWCE/sddefault.jpg,https://i.ytimg.com/vi/eIlPjFBJWCE/maxresdefault.jpg,129391,442,0,0,36,11,PT11S,2d,hd,false,True,{},rectangular,False,processed,public,youtube,True,True,False,False,,,https://en.wikipedia.org/wiki/Technology,,,,,23900,908,25553740,"🔥 Welcome to TechInsomnia! 🔥 Your go-to channel for tech tips, computer repairs, upgrades, DIY how-to tutorials, and in-depth technology reviews. Hosted by a lifelong computer repair technologist & enthusiast, we make tech easy to understand and accessible for all skill levels.  🚀 Our Mission: We em",CA,@techinsomnia,2021-09-21T20:16:29.984009Z
I_GQPrCf90s,samsung tv,KR,relevance,2025-10-12T10:53:11.104355,This Could Be The Last Glossy Samsung OLED TV Ever… [REVIEW],"We review the 65-inch Samsung S90F featuring a QD-OLED panel, which could potentially be the last glossy OLED TV from the South Korean brand.  The ""Includes Paid Promotion"" message in this video refers to the sponsorship by British AV retailer Richer Sounds. If you're interested in getting a new TV, even if it's not a new Samsung OLED, please support this channel by considering buying from them. Visit your local Richer Sounds store to get the best deals through cheaper 'VIP exclusive' in-store only prices,  or call telesales for your next TV purchase on 0333 900 0093. Thanks again for your support.  ======================== **Click Below to SUBSCRIBE for More Reviews, Sneak Peeks & Tips: https://www.youtube.com/channel/UCcCYOO2uYPnG-21WDOWdwew?sub_confirmation=1 ========================  VISIT HDTV Test http://www.hdtvtest.co.uk/  FOLLOW US! https://bsky.app/profile/hdtvtest.bsky.social https://www.threads.net/@hdtvtest https://www.tiktok.com/@hdtvtest https://www.instagram.com/hdtvtest https://twitter.com/vincent_teoh https://www.patreon.com/hdtvtest",UCcCYOO2uYPnG-21WDOWdwew,HDTVTest,2025-10-10T20:56:27Z,28,en,en,none,,https://i.ytimg.com/vi/I_GQPrCf90s/default.jpg,https://i.ytimg.com/vi/I_GQPrCf90s/mqdefault.jpg,https://i.ytimg.com/vi/I_GQPrCf90s/hqdefault.jpg,https://i.ytimg.com/vi/I_GQPrCf90s/sddefault.jpg,https://i.ytimg.com/vi/I_GQPrCf90s/maxresdefault.jpg,21465,796,0,0,197,691,PT11M31S,2d,hd,false,True,{},rectangular,False,processed,public,youtube,True,True,False,False,,,https://en.wikipedia.org/wiki/Technology,,,,,599000,961,165823341,"Youtube's leading voice on TV technology, with many videos getting at least 20000 views, 1000 likes & tons of comments. ",GB,@hdtvtest,2007-03-02T19:38:24Z
Jfgi3X5jBY0,samsung tv,KR,relevance,2025-10-12T10:53:11.104355,9 Samsung TV Settings Tips And Tricks For The Ultimate Experience,"On this video, I'm going to show you nine of my favorite features on a Samsung TV. The reason I say premium tv is because all of these options are not available on every Samsung TV. These features will enhance your 4k tv viewing experience and makes your tv a smart tv.  Samsung S95F 83"" https://geni.us/804H Samsung S95F 77"" https://geni.us/AXQvoJK Samsung S95F 65"" https://geni.us/5P0TQUy ""USED ON VIDEO"" Samsung S95F 55"" https://geni.us/0GgF  🔹 Join My Community https://geni.us/KZ0yXs8 🔹 Steve Merch https://geni.us/PuwI6C 🔹 Camera Gear I Use:  https://geni.us/FCGtGM 🔹Social Media https://geni.us/yBwF  🔉🔉🔉 Listen To Podcast On 🔉🔉🔉  ➡️Apple Podcast https://geni.us/NaZPyL7 ➡️iHeart Radio https://geni.us/6ZXAni ➡️Deezer https://geni.us/oRCki ➡️Spotify https://geni.us/cT5tv ➡️Amazon Music https://geni.us/B3AgaJK  Subscribe Tech Steve YouTube Channel https://geni.us/TWuA8F  Support The Creator 🏪Amazon Store https://www.amazon.com/shop/techsteve 💵Buy Me A Coffee https://geni.us/oI3KX 💵Donate Via Paypal https://geni.us/qmLi  👍🏽 Subscribe, Why not it’s FREE! https://geni.us/TWuA8F  ➡️ DISCLAIMER: This video and description contains affiliate links, The channel gets a small commission for purchases made via these links.  This helps the channel purchase more products for reviews and allow me to create better content for your viewing.  Chapters 00:00 Introduction 00:24 INITIAL SETUP WITH REMOTE 03:01 HOW TO FACTORY RESET TV 03:25 INITIAL SETUP WITH SMARTTHINGS MOBILE APP 05:12 AMBIENT MODE, DAILY+, SMARTTHINGS, DEX 08:31 BUILT-IN STREAMING GAMING APPS 10:54 HOME SCREEN AND CUSTOMIZE APPS 12:33 SMARTTHING APP CALIBRATION 13:42 HOW TO STOP AUTOMATIC FEATURES 14:26 HOW TO SET UP AMAZON ALEXA 16:33 HOW TO USE MULTI VIEW",UCmHO0Rw7nBFK2233om_vyWA,Tech Steve,2025-09-19T20:26:45Z,28,en,en,none,"Samsung TV Tips,9 Cool Things You Didn't Know Your Samsung,samsung tv tips and tricks,samsung smart tv,samsung tv,samsing s95f,samsung s95f,samsung s95f review,samsung s95f oled,samsung oled,samsung s95f gaming,samsung oled tv,samsung tv guide,samsung tv tips and tricks 2024,samsung tv guide 2025,samsung frame tv tips,samsung tv tips adn tricks,samsung tv remote tips,samsung tv picture settings,s95f samsung,samsung tv settings",https://i.ytimg.com/vi/Jfgi3X5jBY0/default.jpg,https://i.ytimg.com/vi/Jfgi3X5jBY0/mqdefault.jpg,https://i.ytimg.com/vi/Jfgi3X5jBY0/hqdefault.jpg,https://i.ytimg.com/vi/Jfgi3X5jBY0/sddefault.jpg,https://i.ytimg.com/vi/Jfgi3X5jBY0/maxresdefault.jpg,4084,109,0,0,12,1096,PT18M16S,2d,hd,false,True,{},rectangular,False,processed,public,creativeCommon,True,True,False,False,,,https://en.wikipedia.org/wiki/Technology,,32.7157402038574,-117.1610794067383,0,218000,1033,69162157,"Hello everyone, and welcome to The Tech Steve Channel! Here, I share my passion for technology—from televisions and audio, to the latest gadgets shaping the consumer market. Over the years, I’ve worked across industries, from wireless and electronic sales to IT and computer building, always driven b",US,@techsteve,2013-11-18T22:01:27Z
KDdGC1CsBLo,samsung tv,KR,relevance,2025-10-12T10:53:11.104355,"TEST : TV OLED Panasonic Z95B (vs Z95A, LG, Samsung...) Vidéo 4K chapitrée","(Vidéo 4K chapitrée non sponso) Bonjour, Sylvain ( @frandroid ) et moi-même sommes heureux de vous offrir le test ultra complet et chapitré du téléviseur OLED 4K Panasonic Z95B : descriptif, essais, test audio en captation 3D, les mesure de Sylvain commentées clairement avec comparatif (LG, Samsung, Pana Z95A). Merci !  #tv #4k #oled #pp   Mes vidéos ne sont pas sponsorisées, mais si vous le produit vous intéresse, et si vous le souhaitez, voici des liens affiliées :)  Merci :)   Son Vidéo Com (Z95B) https://c3po.link/QJvXQsV4xT https://c3po.link/QtgPFUqRWE https://c3po.link/QJvNRECprS  (Z95A) https://c3po.link/QR6tr235Ph  LG G5 https://c3po.link/QRsJr5ZrrH  Samsung S95F https://c3po.link/QbHt4cYQF7  Chapitrage   00:00 L’intro qu’il vous faut 01:40 Gamme, prix, design 03:40 Une dalle OLED tandem RGB ventilée ! 07 :00 Super traitement vidéo 08:45 Modes « image » 10:10 Le Gaming cinématic ! 12:00 connectique, Fire TV, 13:40 Audio par TECHNICS (Atmos) (avec test calibrage) 17:00 Des réglages de folie !  19:40 TEST QUALITÉ image (PP) 31:40 TEST QUALITÉ audio (PP) avec captation en audio 3D 35:40 Les mesures commentées par Sylvain (Frandroid) 45:30 Les « PLUS » ! 47:50 Les « MOINS » !       Si tu as aimé la vidéo → Clique sur ""J'aime"" !    Si tu kiffes et que tu souhaites t'abonner, c'est ici: https://www.youtube.com/ppworld?sub_confirmation=1    Pour me suivre :     Twitter → @ppgarcia75  Facebook → PP.Bizness  Instagram → PPGarcia75  Snapchat → PPGarcia75",UCPQsSFJurluaMOG1qL0Y7sA,PP World,2025-10-11T08:02:16Z,28,fr,fr,none,"Panasonic,TV,Télé,Téléviseur,télévision,4K,LED,OLED,PP,PP World,Panasonic Z95,TEST : TV OLED Panasonic Z95B (vs Z95A,LG,Samsung...) Vidéo 4K chapitrée,Sony,Samsung,LG G5,TV OLED,gaming,Gamers,Test,review,TV test,Panasonic Z95A,Panasonic Z95B",https://i.ytimg.com/vi/KDdGC1CsBLo/default.jpg,https://i.ytimg.com/vi/KDdGC1CsBLo/mqdefault.jpg,https://i.ytimg.com/vi/KDdGC1CsBLo/hqdefault.jpg,https://i.ytimg.com/vi/KDdGC1CsBLo/sddefault.jpg,https://i.ytimg.com/vi/KDdGC1CsBLo/maxresdefault.jpg,20837,1251,0,0,193,3049,PT50M49S,2d,hd,false,True,{},rectangular,False,processed,public,youtube,True,True,False,False,,,https://en.wikipedia.org/wiki/Technology,,,,,439000,972,73688210,"Bonjour ! PP World est une chaine High Tech / vidéos de Voyages NON SPONSORISEE créée par le journaliste PP Garcia. Il n'y a AUCUN placement de produit ni AUCUN jeux concours sur PP World. Un panneau placée au début de chaque vidéo indique ""Vidéo non sponso"", ce qui vous permet d'être certain de reg",FR,@ppworld,2015-09-08T21:24:22Z
qNn1SLTjA2g,samsung tv,KR,relevance,2025-10-12T10:53:11.104355,You bought the wrong TV!,"➡️ Stay connected with an @UbigiOfficial Travel eSIM: https://go.ubigi.com/RG9062 💵 Use promo code JON10 to save 10%!   Shopping for a Samsung TV in 2025 can be confusing, but this guide explains what the letters mean, which models are better for bright rooms or gaming, and why clearance 2024 sets like the Q80D and QN95D are often a better choice. So, here's your Samsung lineup cheat sheet for 2025!  📢 Check out The Viewing Angle - https://www.youtube.com/channel/UCEZkzP56Hp79jBA2B2j_-Xw  📺 TVs Featured Samsung QN90F https://amzn.to/3Wa8S8E Samsung S95F https://amzn.to/3Is70VN Samsung QN990F https://amzn.to/4pFBXGD Samsung U8000F https://amzn.to/4pOgLyr Samsung Q7F https://amzn.to/4pHwEqe Samsung Q8F https://amzn.to/3Wesg4l Samsung Q80D (2024) https://amzn.to/42JtOXJ Samsung QN95D (2024) https://www.bestbuy.com/product/samsung-qn95d-qn75qn95daf-75-inches-4k-smart-led-tv-titan-black-graphite-black-2024-uhd-3840-x-2160-resolution-high-d/J3ZYG2H4FK/sku/10772937?ref=212&loc=marketplace Samsung QN900F https://amzn.to/4pFCcS3 Samsung S95D (2024) https://amzn.to/3IHWABk Samsung S90F https://amzn.to/4mGwtc1 Samsung S85F https://amzn.to/4nSIPPf Samsung The Frame Pro https://amzn.to/4gKEco4  🎥 GEAR: https://kit.co/JonRettinger/youtube-gear-2020 🎵 My music comes from Musicbed; check them out: http://share.mscbd.fm/jonrettinger  👋 Follow me! Instagram: https://www.instagram.com/jonrettinger/ X: https://twitter.com/Jon4Lakers Facebook: https://www.facebook.com/JonRettingerYT/ Website: https://www.jon4lakers.tech",UCR0AnNR7sViH3TWMJl5jyxw,Jon Rettinger,2025-09-25T23:06:29Z,28,en,en,none,"jon rettinger,jon4lakers,technobuffalo,samsung 2025 tv lineup,best samsung tv 2025,samsung tv buying guide,samsung qn90f,samsung qn95d,qn90f vs qn95d,samsung s95f,s95d vs s95f,samsung qn990f,samsung qn900f,samsung q8f,samsung u8000f,samsung q80d,samsung frame pro,samsung oled vs qled,qd oled,neo qled,mini led tv,best tv for ps5,gaming tv 120hz,bright room tv,8k tv vs 4k,should you buy 8k,best 4k tv 2025,which samsung tv to buy",https://i.ytimg.com/vi/qNn1SLTjA2g/default.jpg,https://i.ytimg.com/vi/qNn1SLTjA2g/mqdefault.jpg,https://i.ytimg.com/vi/qNn1SLTjA2g/hqdefault.jpg,https://i.ytimg.com/vi/qNn1SLTjA2g/sddefault.jpg,https://i.ytimg.com/vi/qNn1SLTjA2g/maxresdefault.jpg,498246,789,0,0,41,804,PT13M24S,2d,hd,false,True,{},rectangular,False,processed,public,youtube,True,True,False,False,,,"https://en.wikipedia.org/wiki/Lifestyle_(sociology),https://en.wikipedia.org/wiki/Technology",,,,,1650000,5057,717125615,"Welcome to the video home of Jon Rettinger, formerly of TechnoBuffalo.   This channel is a forum for all things electronic. It's an open forum, so feel free to speak your mind.  NOTE: All company e-mails will come from the below address. Any communication from another address is fraudulent. Email: j",US,@jon4lakers,2007-06-08T00:48:45Z
hf-sEOuvcRA,samsung tv,KR,relevance,2025-10-12T10:53:11.105353,LG Vs Samsung TV | LG QNED TV | Samsung Crystal TV ✅,"#LGVsSamsung, #LGQNED, #SamsungCrystal, #TVComparison, #BestTV, #SmartTV, #4KTV, #QLEDvsQNED, #LGTV, #SamsungTV, #TVReview, #TechReview, #HomeEntertainment, #Gadgets, #BuyingGuide  Don’t buy LG TV light bleeding issue explained: https://hosturl.site/vtpdF4  Buy LG UHDTV: https://amzn.to/47eNh63  Thanks for watching ❤️👍🏻",UCxQQblsU34uzb0qS54QGSzA,Cars 2 Explore,2025-08-24T13:01:16Z,28,en,hi,none,"LGVsSamsung,LGQNEDTV,SamsungCrystalTV,TVComparison,QNEDvsCrystal,BestTV2024,TVReview,SmartTV,4KTV,TVTech,HomeTheater,Gadgets,Electronics,TVBuyingGuide,TechReview,LGTV,SamsungTV,QuantumDot,Nanocell,LEDTV,WhichTVToBuy,TVBattle,TechBattle,TVGaming,MovieNight",https://i.ytimg.com/vi/hf-sEOuvcRA/default.jpg,https://i.ytimg.com/vi/hf-sEOuvcRA/mqdefault.jpg,https://i.ytimg.com/vi/hf-sEOuvcRA/hqdefault.jpg,https://i.ytimg.com/vi/hf-sEOuvcRA/sddefault.jpg,https://i.ytimg.com/vi/hf-sEOuvcRA/maxresdefault.jpg,5175,30,0,0,1,52,PT52S,2d,hd,false,True,{},rectangular,False,processed,public,youtube,True,True,False,False,,,https://en.wikipedia.org/wiki/Technology,,,,,138000,1954,72386353,"Hello friends,  WELCOME to ""CARS2EXPLORE"", On this channel you'll get videos of Cars and some V-logs. Please SUBSCRIBE to Cars 2 Explore, Thanks for visiting my channel keep supporting, loving & exploring. Thank you so much.",IN,@cars2explore,2013-04-04T06:24:03Z
Il2sp513uY8,samsung tv,KR,relevance,2025-10-12T10:53:11.105353,SAMSUNG 32 INCHES SMART TV UNBOXING ⏯️ #shorts,,UCKURNksCMw-u1pSTj16kN-w,TrichyGlitz Tamil,2025-08-09T15:20:06Z,28,en,ta,none,,https://i.ytimg.com/vi/Il2sp513uY8/default.jpg,https://i.ytimg.com/vi/Il2sp513uY8/mqdefault.jpg,https://i.ytimg.com/vi/Il2sp513uY8/hqdefault.jpg,https://i.ytimg.com/vi/Il2sp513uY8/sddefault.jpg,https://i.ytimg.com/vi/Il2sp513uY8/maxresdefault.jpg,54742,758,0,0,14,34,PT34S,2d,hd,false,True,{},rectangular,False,processed,public,youtube,True,True,False,False,,,"https://en.wikipedia.org/wiki/Lifestyle_(sociology),https://en.wikipedia.org/wiki/Technology",,,,,52700,694,18914138,Hello all my dear Brothers & Sister   Welcome you all to the channel TRICHY GLITZ. Join my journey of exploring the various wonders of life   Stay tuned for latest videos.  DM for Promotion - 9788240513,IN,@trichyglitz,2021-05-24T08:10:29.280672Z
pUy6onCKifQ,samsung tv,KR,relevance,2025-10-12T10:53:11.105353,In-built Superb Fetures In Samsung S90F OLED Slimmest Oled In The World,,UC0gRmW1m7s0dI6DHtXuIO5A,Harsh Digital World  1.M,2025-10-10T03:48:03Z,22,en,hi,none,,https://i.ytimg.com/vi/pUy6onCKifQ/default.jpg,https://i.ytimg.com/vi/pUy6onCKifQ/mqdefault.jpg,https://i.ytimg.com/vi/pUy6onCKifQ/hqdefault.jpg,https://i.ytimg.com/vi/pUy6onCKifQ/sddefault.jpg,https://i.ytimg.com/vi/pUy6onCKifQ/maxresdefault.jpg,813,12,0,0,0,40,PT40S,2d,hd,false,False,{},rectangular,False,processed,public,youtube,True,True,False,False,,,https://en.wikipedia.org/wiki/Technology,,,,,4290,77,1159623,Welcome.          Apna Pyaar And Support Banai Rakhna Dosto Hame Is Channel Ko Bhout Dur Le Kar Jana Hai     सीढ़ियाँ उन्हे मुबाराक जिन्हें छत पर जाना हो… मेरी मंज़िल तो आसमाँ है..मुझे रास्ता खुद  बनाने दो –  Keep Love And Support Frends Do Subscribe And Join Harsh In 2 U Family 🥰  Channel Birthday ,IN,@harshin2u,2018-02-16T18:06:19Z
L60zs804qaI,samsung tv,KR,relevance,2025-10-12T10:53:11.105353,JÁ BAIXOU! SAMSUNG QEF1 // a TV QLED 4K BARATA que SÓ VENDE NA INTERNET!,"► onde comprar o Samsung QEF1 50"": https://tidd.ly/48jQ2U5 COMPARADOR APP: http://bit.ly/esappco | PC: http://bit.ly/comparador-esyt 🔥🔥ENTRE em nosso GRUPO DE OFERTAS: https://escolha.cc/grupo 🔥🔥 📋 Encontre as MELHORES RECOMENDAÇÕES com nosso GUIA DE COMPRA: http://trem.me/guia #  ==  ⭐⭐ ONDE COMPRAR! ⭐⭐ 43"" Clube Samsung: https://tidd.ly/4728uyj Casas Bahia: https://tidd.ly/435FC6U Mercado Livre: https://mercadolivre.com/sec/15o4XaG  50"" Clube Samsung: https://tidd.ly/48jQ2U5 Casas Bahia: https://tidd.ly/4nJFzpE Mercado Livre: https://mercadolivre.com/sec/2sVf8J1  55"" Clube Samsung: https://tidd.ly/48tkD1D Casas Bahia: https://tidd.ly/47i3BlP Mercado Livre: https://mercadolivre.com/sec/2wu7Moo  65"" Clube Samsung: https://tidd.ly/4h9N0UU Casas Bahia: https://tidd.ly/4h4JSJy Mercado Livre: https://mercadolivre.com/sec/1DaVzhy  75"" Clube Samsung: https://tidd.ly/4h3lKHr Casas Bahia: https://tidd.ly/48TlU20 Mercado Livre: https://mercadolivre.com/sec/1LVEyNw  ==  👕 TODAS AS CAMISETAS SÃO DA CHICOREI ( COMPRE PELO LINK PRA AJUDAR! ) 👕 https://oferta.vc/v2/29928822428   📱📱 NOSSAS REDES! 📱📱 📷 INSTAGRAM:  http://bit.ly/instasegura 🎙 PODCAST: http://bit.ly/podcastesegura 🧨 TIKTIK: https://bit.ly/3kKYXoi 🔥 CANAL DE SHORTS: https://www.youtube.com/channel/UCo09rmK0NtLon3CIP1Wp5eg 🔖 COMPARADOR: http://bit.ly/comparador-esyt ⭐ REVIEW COMPLETO: https://escolhasegura.com.br  ==  🕒🕒 SESSÕES 🕒🕒     ==  🔗🔗 OUTROS CONTEÚDOS SOBRE O TEMA 🔗🔗 A SAMSUNG fez uma TV OLED BARATA esse ANO! // S85F 🔥 minha OPINIÃO SINCERA!: https://youtu.be/lxDG1wX9prs A PRIMEIRA TV 4K MINILED 120HZ BARATA da MARCA!! // SAMSUNG QN70F: https://youtu.be/PGOQze6E9ag JOGUE NA TV SEM CONSOLE e SEM PAGAR MUITO!! // SAMSUNG F6000F FULLHD: https://youtu.be/jJgpJ5yHDJs  ==  ⚠️⚠️ AVISO! ⚠️⚠️  O escolhasegura é um canal / empresa sustentado pelos usuários. Geralmente os links listados aqui são de programas de afiliados e nós podemos ganhar uma comissão se você realizar uma compra através do nosso link. Isso não influencia nossa opinião, não gera custos adicionais para o usuário e ajuda o canal a produzir mais conteúdo e melhor.  ==",UCDUdvPnNWjQCif_GnrhUE6Q,EscolhaSegura,2025-10-11T14:00:36Z,28,pt,pt,none,"Tv,tv 4k,tv Samsung,tv 4k Samsung,qual tv 4k comprar,qual melhor tv 4k custo beneficio,qual melhor tv 4k boa e barata,qual melhor tv qled,tv qled vale a pena,qual tv qled barata",https://i.ytimg.com/vi/L60zs804qaI/default.jpg,https://i.ytimg.com/vi/L60zs804qaI/mqdefault.jpg,https://i.ytimg.com/vi/L60zs804qaI/hqdefault.jpg,https://i.ytimg.com/vi/L60zs804qaI/sddefault.jpg,,3320,308,0,0,23,685,PT11M25S,2d,hd,false,True,{},rectangular,False,processed,public,youtube,True,True,False,False,,,https://en.wikipedia.org/wiki/Technology,,,,,2310000,3206,500568666,"O EscolhaSegura nasceu da necessidade de trazer análises e guias de compra que sejam baseados em dados, números e análises que servem para ajudar qualquer pessoa a fazer uma compra ou escolha melhor!  Nós já existimos desde 2014 no site http://www.escolhasegura.com.br e acreditamos no youtube como f",BR,@escolha.segura,2015-08-21T00:12:29Z
RgR0HZcKRpM,samsung tv,KR,relevance,2025-10-12T10:53:11.105353,2025 S95F: Full Feature Video | Samsung,"Enrich your experience with Samsung Vision AI. Powered by the NQ4 AI Gen3 Processor, the S95F boasts a Glare Free screen with OLED HDR Pro, for unrivalled immersion. Experience Ultimate Gaming Pack with S95F now! 🕹️  For more information, visit http://smsng.co/tvs  #2025NewAITV #VisionAI #4KTV #S95F #OLED #SamsungTV #AITV",UCWwgaK7x0_FR1goeSRazfsQ,Samsung,2025-09-11T01:03:32Z,28,en,en,none,,https://i.ytimg.com/vi/RgR0HZcKRpM/default.jpg,https://i.ytimg.com/vi/RgR0HZcKRpM/mqdefault.jpg,https://i.ytimg.com/vi/RgR0HZcKRpM/hqdefault.jpg,https://i.ytimg.com/vi/RgR0HZcKRpM/sddefault.jpg,https://i.ytimg.com/vi/RgR0HZcKRpM/maxresdefault.jpg,83377,2340,0,0,142,289,PT4M49S,2d,hd,false,False,{},rectangular,False,processed,public,youtube,True,True,False,False,,,"https://en.wikipedia.org/wiki/Technology,https://en.wikipedia.org/wiki/Video_game_culture",,,,,7460000,2351,2916266607,"Welcome to the official Samsung global channel, a place to discover the latest Samsung brand stories, events, innovative technologies, apps & services, B2B solutions, and developer community.   Samsung inspires the world and shapes the future with transformative ideas and technologies. The company i",KR,@samsung,2006-03-11T06:57:39Z
zzT0xrwAW1s,samsung tv,KR,relevance,2025-10-12T10:53:11.105353,Die besten SAMSUNG FERNSEHER 2025 | Top 5 Samsung Smart TVs [Vergleich],"Die besten SAMSUNG FERNSEHER 2025 | Top 5 Samsung Smart TVs [Vergleich]  ► Samsung Crystal DU7179: https://amzlink.to/az0K6ZcgyByci * ► Samsung QLED Q70D: https://amzlink.to/az0YG5FYNh6jh * ► Samsung OLED S90D: https://amzlink.to/az0JaYnysZDQw * ► Samsung OLED S95F: https://amzlink.to/az0ATVzcAqFY8 * ► Samsung Neo QLED QN900F: https://amzlink.to/az0LUwnKccTNp *  ▬▬▬▬▬▬▬▬▬▬▬▬▬▬▬▬▬▬▬▬▬▬▬▬▬▬▬▬  📌 Timestamps: 00:00 Intro 00:39 Samsung Crystal DU7179 02:15 Samsung QLED Q70D 04:09 Samsung OLED S90D 05:52 Samsung OLED S95F 07:51 Samsung Neo QLED QN900F  📧 Kontakt: Marketing.topvergleich@gmail.com  ▬▬▬▬▬▬▬▬▬▬▬▬▬▬▬▬▬▬▬▬▬▬▬▬▬▬▬▬  🌟 Samsung Smart TVs Kaufberatung 2025  Wer sich 2025 einen neuen Fernseher kaufen möchte, kommt an Samsung Smart TVs kaum vorbei. In diesem Video vergleichen wir die 5 besten Samsung Smart TVs, die in diesem Jahr besonders beliebt sind. Von Einsteiger-Modellen bis hin zu High-End-Geräten: wir zeigen dir, welcher Samsung Smart TV am besten zu deinen Bedürfnissen passt.  🔸 Samsung Crystal DU7179 Dieser Samsung Smart TV ist die perfekte Wahl für Einsteiger. Mit 4K UHD-Auflösung, klaren Farben und intuitiver Bedienung ist er ideal für alle, die einen zuverlässigen Fernseher zum fairen Preis suchen.  🔸 Samsung QLED Q70D Ein leistungsstarker Samsung Smart TV mit QLED-Technologie für gestochen scharfe Bilder und beeindruckenden Kontrast. Besonders Film- und Serienfans profitieren von der brillanten Darstellung.  🔸 Samsung OLED S90D Dieser Samsung Smart TV bringt OLED-Technik ins Wohnzimmer. Mit tiefem Schwarz, kräftigen Farben und modernem Design richtet er sich an alle, die ein echtes Kinoerlebnis zu Hause genießen wollen.  🔸 Samsung OLED S95F Der S95F ist einer der fortschrittlichsten Samsung Smart TVs 2025. Er überzeugt mit erstklassiger Bildqualität, Gaming-Features und Premium-Verarbeitung – perfekt für Technikliebhaber.  🔸 Samsung Neo QLED QN900F Das Flaggschiff unter den Samsung Smart TVs: 8K-Auflösung, Mini-LED-Technologie und herausragende Helligkeit. Dieser Fernseher setzt neue Maßstäbe und ist die Wahl für alle, die keine Kompromisse eingehen möchten.  In unserem Samsung Smart TVs Vergleich 2025 erfährst du, welche Unterschiede es zwischen den Modellen gibt und welcher Samsung Smart TV am besten zu deinen Anforderungen passt.  ▬▬▬▬▬▬▬▬▬▬▬▬▬▬▬▬▬▬▬▬▬▬▬▬▬▬▬▬  📌 Tags: Beste Samsung Smart TVs 2025,Samsung Smart TVs Testsieger 2025,Samsung Smart TVs Testbericht 2025,Samsung Smart TVs kaufen,Samsung Smart TVs Kaufberatung 2025,Samsung Smart TVs,Top 5 Samsung Smart TVs,Samsung Smart TVs Vergleich 2025,Samsung Crystal DU7179,Samsung QLED Q70D,Samsung OLED S90D,Samsung OLED S95F,Samsung Neo QLED QN900F,Samsung Smart TVs deutsch,Top Samsung Smart TVs Test,Samsung Smart TVs 2025  ▬▬▬▬▬▬▬▬▬▬▬▬▬▬▬▬▬▬▬▬▬▬▬▬▬▬▬▬  📢 DISCLAIMER: • Bei allen Links zu Amazon handelt es sich um Affiliate Links. Diese Links sind mit dem * Symbol gekennzeichnet. Das bedeutet: Solltest du diesen Link benutzen und anschließend ein Produkt kaufen, werden wir gegebenenfalls durch eine Provision am Umsatz beteiligt. Für dich fallen dadurch KEINE zusätzlichen Kosten an. • Wir übernehmen keinerlei Haftung. • Alle Angaben ohne Gewähr. • Es handelt sich um Video-Ausschnitte von den Herstellern und anderen Content Creators.",UCcf-CHfcyAadCyZnZ2UlnvA,TOP VERGLEICH - Elektronik & Haushalt ,2025-09-05T16:01:52Z,28,de,de,none,"Beste Samsung Smart TVs 2025,Samsung Smart TVs Testsieger 2025,Samsung Smart TVs Testbericht 2025,Samsung Smart TVs kaufen,Samsung Smart TVs Kaufberatung 2025,Samsung Smart TVs,Top 5 Samsung Smart TVs,Samsung Smart TVs Vergleich 2025,Samsung Crystal DU7179,Samsung QLED Q70D,Samsung OLED S90D,Samsung OLED S95F,Samsung Neo QLED QN900F,Samsung Smart TVs deutsch,Top Samsung Smart TVs Test,Samsung Smart TVs 2025",https://i.ytimg.com/vi/zzT0xrwAW1s/default.jpg,https://i.ytimg.com/vi/zzT0xrwAW1s/mqdefault.jpg,https://i.ytimg.com/vi/zzT0xrwAW1s/hqdefault.jpg,https://i.ytimg.com/vi/zzT0xrwAW1s/sddefault.jpg,https://i.ytimg.com/vi/zzT0xrwAW1s/maxresdefault.jpg,1853,14,0,0,1,577,PT9M37S,2d,hd,false,False,{},rectangular,False,processed,public,youtube,True,True,False,False,,,https://en.wikipedia.org/wiki/Technology,,,,,27400,2179,31620017,"Die besten Produkte aus Elektronik, Haushalt & Garten. Willkommen auf unserem Vergleichskanal! Unsere Mission ist es, euch einen Überblick über die besten Elektronik- und Haushaltsprodukte auf dem Markt zu geben. Dafür vergleichen wir Diese mit ihren wichtigsten Parametern - Alles damit Ihr eine gut",DE,@top-vergleich,2020-05-29T19:51:34.411799Z
iv3gFxZak0I,samsung tv,KR,relevance,2025-10-12T10:53:11.105353,Samsung U8000F Crystal UHD VS Q7F QLED 4K TV,"Samsung U8000F 43"" https://geni.us/cOl9ZS2 Samsung U8000F 50"" https://geni.us/Z6KaIid Samsung U8000F 55""  https://geni.us/9lQJd Samsung U8000F 58"" https://geni.us/I8f6BD8 Samsung U8000F 65""  https://geni.us/WZX8lJ Samsung U8000F 75""  https://geni.us/TtOcPA8 Samsung U8000F 85""  https://geni.us/7oNI  85"" Samsung Q7F https://geni.us/CzNzbTC 75"" Samsung Q7F https://geni.us/xoppYy 65"" Samsung Q7F https://geni.us/Qfg1bnp 55"" Samsung Q7F https://geni.us/KHTv 50"" Samsung Q7F https://geni.us/NEVKKAM 43"" Samsung Q7F https://geni.us/XXGqhkg  HDMI eARC to optical and RCA Adapter https://geni.us/7DzriNW  ➡️ DISCLAIMER: This video and description contains affiliate links, The channel gets a small commission for purchases made via these links.  This helps the channel purchase more products for reviews and allow me to create better content for your viewing.  🔹 Join 4K TV Chat Community https://geni.us/KZ0yXs8 🔹 Steve Merch https://geni.us/PuwI6C 🔹 Camera Gear I Use:  https://geni.us/FCGtGM 🔹Social Media https://geni.us/yBwF 🔹5% Slant Wall From Videos https://geni.us/STJIJm   Promo Code ""TECHSTEVEHD"" Video https://youtu.be/ynxmrOHYN9U  *********************************************************  ""Game Content Usage Rules"" using assets and it is not endorsed *********************************************************  #techsteve #samsung   👍🏽 Subscribe,❤️ Like &  Share 📲 Share ---- Hit The Notification 🔔",UCmHO0Rw7nBFK2233om_vyWA,Tech Steve,2025-08-06T17:48:52Z,28,en,en,none,"Samsung U8000F Crystal UHD TV,tech steve,samsung,tech steve samsung,samsung 2023 crystal uhd tv,samsung tu7020 crystal uhd 4k smart tv,samsung crystal hd tv,samsung u8000f crystal uhd tv,crystal processor 4k,samsung crystal uhd,samsung tv,samsung u8000f tv,samsung u8000f,crystal uhd u8000f,My HONEST Review of The Samsung U8000F TV Performance",https://i.ytimg.com/vi/iv3gFxZak0I/default.jpg,https://i.ytimg.com/vi/iv3gFxZak0I/mqdefault.jpg,https://i.ytimg.com/vi/iv3gFxZak0I/hqdefault.jpg,https://i.ytimg.com/vi/iv3gFxZak0I/sddefault.jpg,https://i.ytimg.com/vi/iv3gFxZak0I/maxresdefault.jpg,65292,657,0,0,161,767,PT12M47S,2d,hd,false,True,{},rectangular,False,processed,public,creativeCommon,True,True,False,False,,,https://en.wikipedia.org/wiki/Technology,,32.7157402038574,-117.1610794067383,0,218000,1033,69162157,"Hello everyone, and welcome to The Tech Steve Channel! Here, I share my passion for technology—from televisions and audio, to the latest gadgets shaping the consumer market. Over the years, I’ve worked across industries, from wireless and electronic sales to IT and computer building, always driven b",US,@techsteve,2013-11-18T22:01:27Z
obJToKcbvBo,samsung tv,KR,relevance,2025-10-12T10:53:11.105353,Samsung TV Volume Not Working? Easy Fix in 2 Minutes! #samsung #tv #tech,,UCTVIPLc17qcdQV6QhU8oNzA,Alex Torres,2025-07-30T21:10:09Z,28,en,en,none,,https://i.ytimg.com/vi/obJToKcbvBo/default.jpg,https://i.ytimg.com/vi/obJToKcbvBo/mqdefault.jpg,https://i.ytimg.com/vi/obJToKcbvBo/hqdefault.jpg,https://i.ytimg.com/vi/obJToKcbvBo/sddefault.jpg,https://i.ytimg.com/vi/obJToKcbvBo/maxresdefault.jpg,19766,287,0,0,60,54,PT54S,2d,hd,false,True,{},rectangular,False,processed,public,youtube,True,True,False,False,,,https://en.wikipedia.org/wiki/Technology,,,,,6020,324,1754308,"Welcome to My Channel! Hi there! I'm Alex, and this channel is your go-to destination for everything tech. From reviews and tutorials to the latest gadget updates, I’m here to help you make smarter choices, learn new skills, and stay ahead in the world of technology. 💻 What You’ll Find Here: - Step-",US,@alextorres3282,2018-06-04T16:19:02Z
TwWdUUNgZI4,samsung tv,KR,relevance,2025-10-12T10:53:11.105353,Samsung Smart TV Price In Bangladesh 2025 | Smart TV Price In Bangladesh 2025 | Samsung QLED TV,"Samsung Smart TV Price In Bangladesh 2025 | Smart TV Price In Bangladesh 2025 | Samsung QLED TV   #SmartTvPriceInBangladesh2025  #tvpriceinbangladesh  #thokbona  #smarttv  #smarttvprice  #smarttvpriceinbangladesh2024 #tvpriceinbangladesh2024 #smarttvpriceinbd #tvpriceinbd #jvco_bangladesh  #rofiqvlogs  #jvco  #smarttv  #smarttvpriceinbangladesh  #jvco_electronics  #Samsungtv  #Xiaomitv  #HaierTv  smart tv price in Bangladesh, smart tv price in BD, smart tv price 2025, tv price in Bangladesh, tv price in BD, tv price 2025, Intex tv price in Bangladesh, Intex tv price in BD, Intex tv price 2025, jvco tv price in Bangladesh, jvco tv price in BD, 4k smart tv price, android tv box price, smart tv box price, 32 inch smart tv price, 40 inch smart tv price, 43 inch smart tv price, china led tv price, smart tv price, rony rahman show, smart, tv, price, Bangladesh smart tv price in bangladesh, আজীবন ফ্রি ডিশ, tv, tv price bd, bd tv price, tv price in bangladesh, led tv, led tv price, 4k tv price in bangladesh, 4k tv, 32 inch tv, 43 inch tv price bd, 65 inch tv, imran timran tv, daily needs, sony tv price in bangladesh, samsung tv price in bangladesh, lg tv price in bangladesh, sony bravia tv price in bangladesh, sony tv price bd, vlogs, smart android tv, new, 2024, smart tv, intex tv price in bangladesh, intex, netflix free smart tv price in bangladesh 2024, led tv price in bangladesh 2024, smart tv price in bangladesh, jvco tv price in bangladesh, android tv price in bangladesh, samsung led tv price in bangladesh, led tv price in bangladesh, china led tv price in bangladesh, smart tv price in bangladesh 2024, sony tv price in bangladesh, samsung tv price in bangladesh, samsung led smart tv price in bangladesh, tv price bd, tv price in bangladesh, top bd, led tv wholesale market, 40 inch led tv, mi tv price in bd",UC5aSPs7D7ScR4vypfH9CkVw,Vlogs by Uchsash,2025-07-19T14:58:20Z,22,bn,bn,none,,https://i.ytimg.com/vi/TwWdUUNgZI4/default.jpg,https://i.ytimg.com/vi/TwWdUUNgZI4/mqdefault.jpg,https://i.ytimg.com/vi/TwWdUUNgZI4/hqdefault.jpg,https://i.ytimg.com/vi/TwWdUUNgZI4/sddefault.jpg,https://i.ytimg.com/vi/TwWdUUNgZI4/maxresdefault.jpg,6602,34,0,0,0,32,PT32S,2d,hd,false,True,{},rectangular,False,processed,public,youtube,True,True,False,False,,,https://en.wikipedia.org/wiki/Technology,,,,,58800,1356,10053480,1.2M Subscribers   15.7K Videos  ,BD,@vlogsbyuchsash,2023-07-10T20:25:29.554184Z
Je3R27Y096E,samsung tv,KR,relevance,2025-10-12T10:53:11.105353,Biggest to Smallest! - 2025 Samsung TVs,All TVs - https://howl.link/61y7n36tyalgd  Small TVs 32” F6000F - https://howl.link/2vjiui4kp0zw5  32” H5000F - https://howl.link/u9pp8ye95t2ku  50” U8000F - https://howl.link/mn79mgjejozwu   OLED TVs 65” S95F - https://howl.link/od65p0tf9hdqi  77” S90F - https://howl.link/6at4ey6bivhvm  77” S84F - https://howl.link/5qu0y80co0f7i  65” S90D - https://howl.link/sg9jailswx30v  77” S95D - https://howl.link/pz6oourbsy5z0   Soundbars HW-S800D Soundbar - https://howl.link/f1ji6bjw7uj1x  HW-Q990F Soundbar - https://howl.link/zgj885sgs3h6k   QLED TVs 75” QN90F - https://howl.link/oxxf85wlaolc3  75” QN80F - https://howl.link/lu9hpfulmi7fb  75” QN70F - https://howl.link/mo457o7993yoj  85” U8000F - https://howl.link/im5leog1xi1zb   Big TVs 98” QN90F - https://howl.link/xyhvtjhj7xzjc  100” QN80F - https://howl.link/nj19idun4griw  98” QN990F - https://howl.link/puiv1ygl9zf67   Crazy Big TVs 115” Micro RGB - https://howl.link/rceg327dsze69  115” QN90F - https://howl.link/eajqiz27w74ve   Phones Galaxy Z Fold 7 - https://howl.link/326q1isglpysy  Galaxy S25 Ultra - https://howl.link/zwhild43lk8wr   #howldotlink #ad,UC6AJUYrb8hqhHCSVtjelI0w,B The Installer,2025-10-11T15:29:00Z,28,en,en-US,none,,https://i.ytimg.com/vi/Je3R27Y096E/default.jpg,https://i.ytimg.com/vi/Je3R27Y096E/mqdefault.jpg,https://i.ytimg.com/vi/Je3R27Y096E/hqdefault.jpg,https://i.ytimg.com/vi/Je3R27Y096E/sddefault.jpg,https://i.ytimg.com/vi/Je3R27Y096E/maxresdefault.jpg,3007,210,0,0,8,716,PT11M56S,2d,hd,false,True,{},rectangular,False,processed,public,youtube,True,True,False,False,,,"https://en.wikipedia.org/wiki/Lifestyle_(sociology),https://en.wikipedia.org/wiki/Technology",,,,,264000,403,94614596,B the installer is a channel dedicated to TVs and smart tech from an everyday use and practical perspective...  I do reviews and Installations of the best TVs and smart tech.  Subscribe and join the community and the journey. ,US,@btheinstaller,2007-03-09T06:41:58Z
nNRNRjWICN4,samsung tv,KR,relevance,2025-10-12T10:53:11.105353,samsung NEW 2025 4K LED TV REVIEW IN INDIA #samsungtv,,UCW9o4S563o0qzRa1YPQUhHQ,Tech Review,2025-07-18T05:48:34Z,28,en,hi,none,,https://i.ytimg.com/vi/nNRNRjWICN4/default.jpg,https://i.ytimg.com/vi/nNRNRjWICN4/mqdefault.jpg,https://i.ytimg.com/vi/nNRNRjWICN4/hqdefault.jpg,https://i.ytimg.com/vi/nNRNRjWICN4/sddefault.jpg,https://i.ytimg.com/vi/nNRNRjWICN4/maxresdefault.jpg,102438,642,0,0,6,16,PT16S,2d,hd,false,True,{},rectangular,False,processed,public,youtube,True,True,False,False,,,"https://en.wikipedia.org/wiki/Lifestyle_(sociology),https://en.wikipedia.org/wiki/Technology",,,,,31200,1175,14316296,Hello दोस्तो आप सभी को मेरे चैनल TECH REVIEW  में हार्दिक welcome हैं  तो मेरे channel पर सभी प्रकार के घर के इलेक्ट्रॉनिक्स AND इलेक्ट्रिक HOME APPLIANCES के REALATED सभी INFROMATION (जानकारी) मिलेगा |  हम जो भी जानकारी देंगे वह सभी 99.99% सही होगा  तो अगर जानकारी सही हो तो हमारे चैनल को subscribe ,IN,@techreview84,2021-07-25T02:13:34.135907Z
967QIHwkhkk,samsung tv,KR,relevance,2025-10-12T10:53:11.105353,[SPIN9] ซื้อทีวีใหม่ครับ — Samsung OLED TV 2025 ทีวียุคใหม่ที่แท้จริง สวย คมชัด พร้อมฟีเจอร์ AI,"คลิปนี้ เราอัพเกรดทีวีที่บ้านใหม่ครับ มาใช้ OLED TV เป็นครั้งแรก จากราคาที่เข้าถึงได้ง่ายขึ้น ฟีเจอร์อัดแน่น โดยเฉพาะฟีเจอร์ AI ปรับแต่งภาพและเสียงให้เข้ากับการรับชม ณ ตอนนั้น รวมถึงหน้าจอเคลือบกันแสงสะท้อน Glare Free สบายตาทุกสภาพแสง   Samsung OLED TV 2025 เข้าถึงได้ง่ายขึ้น ในราคาเริ่มต้น 35,990 บาท มีให้เลือกตั้งแต่ขนาด 42 นิ้ว ถึง 83 นิ้ว มีวางจำหน่ายแล้ววันนี้",UCovADuA7KBuMFORurTzL86A,spin9,2025-08-15T11:00:14Z,28,th,th,none,"Samsung,TV,OLED,S95f,S90F,Review,ทีวี,รีวิว,spin9",https://i.ytimg.com/vi/967QIHwkhkk/default.jpg,https://i.ytimg.com/vi/967QIHwkhkk/mqdefault.jpg,https://i.ytimg.com/vi/967QIHwkhkk/hqdefault.jpg,https://i.ytimg.com/vi/967QIHwkhkk/sddefault.jpg,https://i.ytimg.com/vi/967QIHwkhkk/maxresdefault.jpg,55734,787,0,0,44,1008,PT16M48S,2d,hd,true,True,{},rectangular,False,processed,public,youtube,True,True,False,False,,,https://en.wikipedia.org/wiki/Technology,,,,,1040000,1375,255819155,Content Creator Tech | Auto | Aero,TH,@spin9,2006-12-18T10:17:25Z
ugpcp1Dt8Dk,samsung tv,KR,relevance,2025-10-12T10:53:11.105353,How to install google play store app on Samsung Smart TV,How to get google play store on Samsung tv Tizen. How to install 3rd party apps on samsung smart tv. How to install google play store on smart tv. How to enable google play services on smart tv   ************************************************************************************ If you are really interested in my video please follow me on YouTube and Facebook …………………………………………………………………………………………………. Subscribe to my channel: https://www.youtube.com/channel/UC_J9mmyih3YF-sKXK1fwyFQ  FACEBOOK GROUP: https://web.facebook.com/groups/411530109484518   FACEBOOK PAGE: https://web.facebook.com/itmagicsbd …………………………………………………………………………………………………..  Background music: https://studio.youtube.com/channel/UC_J9mmyih3YF-sKXK1fwyFQ/music,UCDqoeeWJSingko0Vky3Upuw,IT Magics,2025-09-17T04:30:04Z,26,en,en,none,"it magics,how to,how to enable google play services on smart tv,how to install google play store on smart tv,how to install 3rd party apps on samsung smart tv,how to get google play store on samsung tv tizen,How to install google play store app on Samsung Smart TV",https://i.ytimg.com/vi/ugpcp1Dt8Dk/default.jpg,https://i.ytimg.com/vi/ugpcp1Dt8Dk/mqdefault.jpg,https://i.ytimg.com/vi/ugpcp1Dt8Dk/hqdefault.jpg,https://i.ytimg.com/vi/ugpcp1Dt8Dk/sddefault.jpg,https://i.ytimg.com/vi/ugpcp1Dt8Dk/maxresdefault.jpg,8557,20,0,0,6,115,PT1M55S,2d,hd,false,True,{},rectangular,False,processed,public,youtube,True,True,False,False,,,"https://en.wikipedia.org/wiki/Lifestyle_(sociology),https://en.wikipedia.org/wiki/Technology",2025-09-16T00:00:00Z,,,,278000,1601,150972635,"👋 Hi friends! In this video, I shared a little about the problems I faced in my personal life and how I solved them. Just like that, I also love helping people fix their software and hardware issues in simple and easy ways.  💻 If you want your technical problems solved faster, don’t forget to subscr",IN,@itmagics,2013-04-19T12:00:25Z
7Riw_CSLfQc,samsung tv,KR,relevance,2025-10-12T10:53:11.105353,Tivi Samsung 50-75 inch 2025 GIẢM MẠNH - Đối Đầu Trực Tiếp LG!,"Chào các bác, hôm nay em xin chia sẻ thông tin cực hot về dòng tivi Samsung 2025, kích thước từ 50 đến 75 inch – đang giảm giá mạnh, thậm chí còn cạnh tranh trực tiếp với LG về cả chất lượng lẫn giá bán!  📌 Đừng quên đăng ký kênh [Hải Phong RV] để ủng hộ em ra thêm nhiều video hữu ích!  👍 Nhớ LIKE video nếu thấy hay, và bình luận bên dưới nếu các bác có câu hỏi hay muốn em review mẫu TV nào tiếp theo nhé!  #SamsungTV2025 #TiviSamsung #TiviSamsungGiamGia #TiviLG2025 #Tivi50inch #Tivi75inch #haiphongrv",UCMO4qEc1l5BC27Zcur0fzJQ,HẢI PHONG RV,2025-09-14T11:00:06Z,22,vi,vi,none,"Tivi Samsung 2025,Tivi Samsung giảm giá,Tivi Samsung 50 inch 2025,Tivi Samsung 75 inch 2025,Samsung Smart TV 2025,Mua tivi Samsung giá rẻ,Tivi Samsung mới nhất 2025,Tivi Samsung so sánh LG,Samsung vs LG TV 2025,So sánh Tivi Samsung và LG,Hải phong rv,Tivi giảm giá 2025,Tivi giá rẻ nên mua,Tivi tốt nhất 2025,Nên mua Tivi hãng nào,Tư vấn mua Tivi,Tivi 4K Samsung 2025,Tivi thông minh 2025,Kinh nghiệm mua tivi,Tivi nào đáng mua 2025,Sale Tivi cuối năm",https://i.ytimg.com/vi/7Riw_CSLfQc/default.jpg,https://i.ytimg.com/vi/7Riw_CSLfQc/mqdefault.jpg,https://i.ytimg.com/vi/7Riw_CSLfQc/hqdefault.jpg,https://i.ytimg.com/vi/7Riw_CSLfQc/sddefault.jpg,https://i.ytimg.com/vi/7Riw_CSLfQc/maxresdefault.jpg,1864,13,0,0,0,922,PT15M22S,2d,hd,false,True,{},rectangular,False,processed,public,youtube,True,True,False,False,,,https://en.wikipedia.org/wiki/Technology,,,,,36200,1267,8817790,Xin chào tất cả các Bác xem kênh youtube: Hải Phong RV   1. Đây là nơi Hướng Dẫn Sử Dụng Tivi - Điều hòa - Tủ Lạnh - Máy Giặt. Cảnh Báo những lỗi khi sử dụng các sản phẩm điện tử có thể xảy ra hoặc đang xảy ra trên nhiều sản phẩm bán ra thị trường.  2. Bên cạnh đó sẽ là Cập Nhật Giá hàng ngày các sả,VN,@haiphongrv,2014-03-24T06:43:54Z
